,camera_id,hashtag_name,hashtag_count,hashtag_increase
0,1,RX100M6,10802,479
1,2,XF10,28226,387
2,3,P1000,6612,159
3,4,RX100M3,169616,415
4,5,SX620HS,1051,16
5,6,G7XMarkII,58323,791
6,7,TG5,55310,1067
7,8,SX720HS,11880,80
8,9,FZ85,1704,28
9,10,RX100,321905,2766
10,11,A900,13065,88
11,12,TZ85,3984,30
12,13,X100F,403472,6504
13,14,TX1,6699,108
14,15,RX100M5A,3519,77
15,16,RX10M4,16891,438
16,17,G9XMarkII,664,1
17,18,SX730HS,2994,-10
18,19,WX500,8125,87
19,20,SX740HS,263,17
20,21,W300,3467,58
21,22,P900,75322,236
22,23,B500,14639,267
23,24,W100,11291,83
24,25,A10,99054,567
25,26,GRII,31360,400
26,27,WX350,3180,18
27,28,A100,29672,119
28,29,RX0,17601,160
29,30,TZ90,2505,56
30,31,HX90V,14355,109
31,32,FZ300,17244,236
32,33,WG50,182,5
33,34,IXY650,440,18
34,35,TX2,4842,19
35,36,XP130,458,10
36,37,IXY200,33,-1
37,38,RX100M4,61292,153
38,39,HIGHSPEEDEXZR70,0,0
39,40,IXY210,65,0
40,41,LEICACLUX,2303,99
41,42,SX60HS,27498,101
42,43,W830,339,3
43,44,THETASC,6732,90
44,45,HIGHSPEEDEXZR1700,0,0
45,46,LX9,1946,13
46,47,SX530HS,12855,93
47,48,G1XMarkIII,1368,13
48,49,XP120,876,2
49,50,SX420IS,5512,14
50,51,HIGHSPEEDEXZR3100,0,0
51,52,RX10M3,17869,141
52,53,RX1RM2,10755,66
53,54,SX430IS,1253,55
54,55,EXZS260,0,0
55,56,G5X,18433,82
56,57,HIGHSPEEDEXZR1800,0,0
57,58,TG5工一郎,0,0
58,59,RX100M5,60665,610
59,60,LX100M2,879,57
60,61,HX400V,19145,177
61,62,HX60V,3335,23
62,63,G800,21916,290
63,64,IXY180,16,0
64,65,G3X,13832,36
65,66,FZH1,916,1
66,67,LEICAQTyp116,0,-36980
67,68,THETAV,18666,262
68,69,G1XMarkII,3575,8
69,70,RX100M2,39999,94
70,71,WG40W,27,-1
71,72,S6900,1022,0
72,73,EXFR100L,2917,45
73,74,EXZS29,0,0
74,75,B700,18239,200
75,76,EXFR200,686,-12
76,77,EXFR100,3991,2
77,78,HIGHSPEEDEXZR3200,0,0
78,79,EXZS240,0,0
79,80,DLUXTyp109,1671,6
80,81,THETAS,59748,156
81,82,Pieni,44703,46
82,83,A300,33956,112
83,84,HIGHSPEEDEXZR4100,0,0
84,85,G'zEYEGZE1,0,0
85,86,FT7,24234,-20
86,87,EXFR10,390,3
87,88,RX1R,34981,113
88,89,DSCPRO14,0,0
89,90,IXY190,433,11
90,91,AW130,6016,12
91,92,THETAm15,576,0
92,93,SIGMAdp0Quattro,2003,13
93,94,RX10M2,3795,7
94,95,IXY160,319,0
95,96,STYLUSSH3,1239,2
96,97,SIGMAdp3Quattro,1900,6
97,98,DSC1480DW,0,0
98,99,X100T,561900,1356
99,100,RX1,51773,166
100,101,GRIIPremiumKit,0,0
101,102,OMNIshotOCAMVRW01BK,0,0
102,103,L840,6812,1
103,104,HIGHSPEEDEX100F,0,0
104,105,SIGMAdp2Quattro,6289,70
105,106,SIGMAdp1Quattro,638,23
106,107,RX10,17809,114
107,108,W810,445,20
108,109,S8600,823,0
109,110,HIGHSPEEDEXSA10GSET,0,0
110,111,PIXPROWP1,0,0
111,112,SX710HS,8345,6
112,113,JOY500C3,0,0
113,114,PIXPROFZ152,0,0
114,115,GR,902728,5766
115,116,VLUXTyp114,400,0
116,117,S2900,122,0
117,118,HIGHSPEEDEXZR1000,0,0
118,119,STYLUSSH2,2223,8
119,120,G3XEVFKIT,0,0
120,121,G9X,15964,90
121,122,S9400,37,0
122,123,EXZS28,0,0
123,124,Gear360(2017)SMR210NZWAXJP,0,0
124,125,GHTCAM30PG,0,0
125,126,HIGHSPEEDEXZR1100,0,0
126,127,HIGHSPEEDEXZR1750,0,0
127,128,SX610HS,1728,6
128,129,t1235,3,0
129,130,QX10,32197,22
130,131,QX100,33204,23
131,132,BCC100,145,0
132,133,DSCPieniCheese,0,0
133,134,EXFR200CA,0,0
134,135,i.megaH1471,0,0
135,136,SX210IS,300,-6
136,137,SIGMAdp0QuattroLCD,0,0
137,138,SIGMAdp1Quattro,638,23
138,139,SIGMAdp3Quattro,1900,6
139,140,TLC120,596,12
140,141,EOSKissM,63329,2986
141,142,α7III,45820,1870
142,143,α6000,270845,1707
143,144,G9,347559,835
144,145,Z7,36025,1059
145,146,GF9W,24,0
146,147,EOSR,38232,3723
147,148,α7RIII,25765,618
148,149,α7II,136492,1277
149,150,OMDEM10MarkII,9658,65
150,151,XT3,50014,4992
151,152,G8,196418,603
152,153,OMDEM10MarkIII,10194,448
153,154,GX7MK2,23992,275
154,155,XT100,23438,1340
155,156,α6500,30891,565
156,157,XH1,65979,2015
157,158,Z72470+FTZ,0,0
158,159,XT20,319798,4728
159,160,XPro2,747417,6197
160,161,α6300,25878,295
161,162,PENEPL9,538,10
162,163,PENEPL8,2608,21
163,164,XT2,744022,7632
164,165,α7RII,27918,422
165,166,EOSM100,98150,2200
166,167,α9,15613,327
167,168,OMDEM5MarkII,86181,496
168,169,OMDEM1MarkII1240mmF2.8,0,0
169,170,GX7MK2K,0,0
170,171,GX7MK3,2639,123
171,172,α5100,72534,426
172,173,XT2,744024,7633
173,174,XA5,67655,1829
174,175,OMDEM1MarkII,41033,764
175,176,XE3,53452,1220
176,177,Z6,17864,1183
177,178,GH5,333131,5537
178,179,GF10W,262,2
179,180,EOSM6,46868,788
180,181,Z62470+FTZ,0,0
181,182,Z72470,0,0
182,183,Z7FTZ,0,0
183,184,PENF,101558,1120
184,185,GH5S,25856,816
185,186,EOSM5,61273,787
186,187,GX8,57462,305
187,188,1J5,2327,14
188,189,α7SII,1284,27
189,190,XT2GraphiteSilverEdition,0,0
190,191,XA3,240427,1657
191,192,α7R,9907,108
192,193,Z62470,0,0
193,194,EOSM10,402213,2016
194,195,Z6FTZ,0,0
195,196,GFX50S,52558,924
196,197,α7S,23657,127
197,198,1J5,2327,14
198,199,OMDEM10,163842,415
199,200,1J5,2327,14
200,201,EOSM6,46868,788
201,202,α7,89302,420
202,203,XT1GraphiteSilverEdition,21,0
203,204,GF90W,139,0
204,205,XE2,206327,369
205,206,XA1,79636,100
206,207,XE1,114943,175
207,208,EOSM3EFM1855ISSTM,0,0
208,209,ライカSLTyp601,0,0
209,210,EOSM6EFM18150ISSTM,0,0
210,211,ライカCL,665,8
211,212,EOSM6EFM1545ISSTM,0,0
212,213,PENLiteEPL7,1629,1629
213,214,SIGMAsdQuattroH,1997,76
214,215,SIGMAsdQuattro,2926,53
215,216,EOSM3,313725,1521
216,217,XPro1,207382,608
217,218,GF7W,1544,1
218,219,PENTAXQ10,25979,11
219,220,EOSM,140973,635
220,221,EOSM3EFM1545ISSTM,0,0
221,222,EOSM3,313725,1521
222,223,EOSM6,46868,787
223,224,XA2,598551,1199
224,225,XT1,836287,2166
225,226,XT10,536894,1237
226,227,X1Dエクスペリエンス・パッケージ[Silver],0,0
227,228,X1D50c,2746,27
228,229,XM1,161827,252
229,230,1AW1,32,-1
230,231,OMDEM1,119582,562
231,232,OMDEM5MarkII,86181,495
232,233,ライカTL2,201,2
233,234,PENEP5,2319,23
234,235,PENTAXQ7,0,-32801
235,236,EOSM3,313726,1522
236,248,PENEP3,1951,4
237,237,EOSM3,313726,1522
238,238,XT1FXT1B/1855KIT,0,0
239,239,GF6,37759,43
240,240,OMDEM5,71075,308
241,241,αNEX6,21,0
242,242,ライカT,621,-15
243,243,EOSM3EVFキット,0,0
244,244,EOSM6EFM18150ISSTM,0,0
245,245,GH4,454536,2009
246,246,αNEX3NY,0,0
247,247,GM1SK,535,-1
248,249,PENEP51442mm,0,0
249,250,PENLiteEPL6EZ,0,0
250,251,ライカTL,198,3
251,252,EOS5DMarkIV,16971,146
252,253,D850,209766,4092
253,254,EOS6DMarkII,39624,902
254,255,D5600,180216,3246
255,256,EOSKissX9,71138,1946
256,257,D500,267576,2508
257,258,EOSKissX9i,56916,1225
258,259,D5300,827864,3724
259,260,EOS80D,302985,3492
260,261,D750,1308998,9867
261,262,D7500,74861,1473
262,263,D810,502327,2181
263,264,PENTAXKP,39364,876
264,265,D7200,485779,3303
265,266,EOS7DMarkII,32039,152
266,267,D5XQDType,0,0
267,268,EOSKissX8i,177344,1075
268,269,D3400,227528,2570
269,270,EOS6D,326334,1635
270,271,EOS9000D,43150,676
271,272,PENTAXK70,69253,1099
272,273,PENTAXK1MarkII,811,7
273,274,Df,3923179,15757
274,275,EOS1DXMarkII,10736,137
275,276,PENTAXKS2,72387,554
276,277,D610,310228,1206
277,278,α99II,5672,92
278,279,D81024120VR,0,0
279,280,D5CFType,0,0
280,281,EOS5DsR,5953,83
281,282,α77II,5441,24
282,283,D3500,6283,732
283,284,EOSKissX90,74,-1
284,285,D720018140VR,0,0
285,286,PENTAXK1,147307,1305
286,287,EOS5DMarkIII,31963,53
287,288,Df50mmf/1.8GSpecial,0,0
288,289,EOS1DX,22267,165
289,290,D810A,2868,39
290,291,D720018300VR,0,0
291,292,PENTAX645Z,34733,174
292,293,D5500,530759,1672
293,294,PENTAXK3II,49002,461
294,295,EOS8000D,111609,427
295,296,H6D400CMS,31,0
296,297,PENTAXK3,113209,680
297,298,D7000,652175,1628
298,299,EOS70D,310488,1072
299,300,EOSKissX72,0,0
300,301,PENTAXK1LimitedSilver,66,1
301,302,D8102485VR,0,0
302,303,EOS5Ds,6897,74
303,304,EOSKissX80,5857,28
304,305,PENTAXK50,89090,336
305,306,PENTAXK5IIs,22349,132
306,307,D4S,90619,387
307,308,D7100,628577,1656
308,309,EOSKissX7i,60004,187
309,310,EOSKissX70,267,6
310,311,H6D100c,3344,29
311,312,PENTAXKS1,27128,136
312,313,D800E,76658,268
313,314,PENTAXK30,50502,252
314,315,EOSKissX7,343483,1047
315,316,MamiyaZD,1189,147
316,317,PENTAXK5II,12814,114
317,318,SD1,14281,48