id,name,price,pixel,min_iso,max_iso,continuous_shooting_performance,shutter_speed,monitor_size,monitor_pixel,shooting_num,four_k,wifi,touch_panel,move_panel,weight,width,height,depth,frame_id,maker_id,finder_id,f_value,shooting_num_with_finder,bluetooth,zoom,min_focus,max_focus,selfie,waterproof,gps,nearest_shot,anti_shake,five_axis_anti_shake,nearest_shot_with_macro_mode,f_value_wide,super_wide,open_year,open_month,camera_type_id
0,サイバーショット DSC-RX100M6,130239,2010,125,2560,24.0,30〜1/32000 秒,3.0,92.1,240 ,True,True,True,チルト液晶,301.0,101.6,58.1,42.8,5,1,1,2.8,,,8,24,200,True,,False,8.0,光学式,,,4.5,False,2018,6,1
1,FUJIFILM XF10,45380,2424,200,5120,,4〜1/16000 秒,3.0,104.0,330 ,True,True,True,,279.0,112.5,64.4,41.0,3,2,2,2.8,,○,,28,28,False,,False,10.0,,,,2.8,False,2018,8,1
2,COOLPIX P1000,118526,1605,100,6400,120.0,1〜1/4000 秒,3.2,92.0,250 ,True,True,False,バリアングル液晶,1415.0,146.3,118.8,181.3,6,3,3,2.8,,○,125,24,3000,True,,False,30.0,レンズシフト方式,,1.0,8,False,2018,9,1
3,サイバーショット DSC-RX100M3,57000,2010,125,2560,10.0,1〜1/2000 秒,3.0,122.8,320 ,False,True,False,チルト液晶,290.0,101.6,58.1,41.0,5,1,4,1.8,,,3,24,70,True,,False,5.0,光学式,,,2.8,False,2014,5,1
4,PowerShot SX620 HS,17290,2020,80,3200,7.1,1〜1/2000 秒,3.0,92.2,295 ,False,True,False,,182.0,96.9,56.9,27.9,6,4,2,3.2,,,25,25,625,False,,False,1.0,光学式,,1.0,6.6,False,2016,5,1
5,PowerShot G7 X Mark II,53280,2010,125,12800,8.0,1〜1/2000 秒,3.0,104.0,265 ,False,True,True,チルト液晶,319.0,105.5,60.9,42.2,5,4,2,1.8,,,4,24,100,True,,False,5.0,光学式,,5.0,2.8,False,2016,4,1
6,OLYMPUS Tough TG-5,44949,1200,100,12800,,1/2〜1/2000 秒,3.0,46.0,340 ,True,True,False,,250.0,113.0,66.0,31.9,6,5,2,2,,,4,25,100,False,15 m,True,10.0,CMOSシフト方式,,1.0,4.9,False,2017,6,1
7,PowerShot SX720 HS,24199,2030,80,3200,5.9,1〜1/3200 秒,3.0,92.2,250 ,False,True,False,,270.0,109.7,63.8,35.7,6,4,2,3.3,,,40,24,960,False,,False,1.0,光学式,,1.0,6.9,False,2016,3,1
8,LUMIX DC-FZ85,33690,1810,80,640,10.0,4〜1/16000 秒,3.0,104.0,330 ,True,True,True,,616.0,130.2,94.3,119.2,6,6,6,2.8,,,60,20,1200,False,,False,30.0,光学式,,1.0,5.9,False,2017,3,1
9,サイバーショット DSC-RX100,36480,2020,125,2560,10.0,1〜1/2000 秒,3.0,122.9,330 ,False,False,False,,240.0,101.6,58.1,35.9,5,1,2,1.8,,,4,28,100,False,,False,5.0,光学式,,,4.9,False,2012,6,1
10,COOLPIX A900,26999,2029,80,3200,120.0,1〜1/2000 秒,3.0,92.0,270 ,True,True,False,チルト液晶,299.0,113.0,66.5,39.9,6,3,2,3.4,,○,35,24,840,True,,False,50.0,レンズシフト方式/電子式,,1.0,6.9,False,2016,10,1
11,LUMIX DMC-TZ85,24800,1810,80,640,40.0,4〜1/16000 秒,3.0,104.0,320 ,True,True,True,,282.0,112.0,64.0,38.0,6,6,8,3.3,,,30,24,720,False,,False,50.0,光学式,,3.0,6.4,False,2016,2,1
12,FUJIFILM X100F,100388,2430,200,5120,8.0,～1/32000 秒,3.0,104.0,280 ,False,True,False,,469.0,126.5,74.8,52.4,3,2,7,2,,,,35,35,False,,False,10.0,,,,2,False,2017,2,1
13,LUMIX DMC-TX1,47800,2010,125,2560,60.0,60〜1/16000 秒,3.0,104.0,300 ,True,True,True,,310.0,110.5,64.5,44.3,5,6,8,2.8,,,10,25,250,False,,False,50.0,光学式,,5.0,5.9,False,2016,3,1
14,サイバーショット DSC-RX100M5A,82747,2010,125,2560,24.0,30〜1/32000 秒,3.0,122.8,220 ,True,True,False,チルト液晶,299.0,101.6,58.1,41.0,5,1,1,1.8,,,3,24,70,True,,False,5.0,光学式,,,2.8,False,2018,7,1
15,サイバーショット DSC-RX10M4,159501,2010,100,2560,24.0,30〜1/32000 秒,3.0,144.0,400 ,True,True,True,チルト液晶,1095.0,132.5,94.0,145.0,5,1,5,2.4,,,25,24,600,False,,False,3.0,光学式,,,4,False,2017,10,1
16,PowerShot G9 X Mark II,41700,2010,125,12800,8.1,1〜1/2000 秒,3.0,104.0,235 ,False,True,True,,206.0,98.0,57.9,31.3,5,4,2,2,,○,3,28,84,False,,False,5.0,光学式,,5.0,4.9,False,2017,2,1
17,PowerShot SX730 HS,29980,2030,80,3200,5.9,1〜1/3200 秒,3.0,92.2,250 ,False,True,False,チルト液晶,300.0,110.1,63.8,39.9,6,4,2,3.3,,○,40,24,960,True,,False,1.0,光学式,,1.0,6.9,False,2017,5,1
18,サイバーショット DSC-WX500,33270,1820,80,1280,10.0,1〜1/2000 秒,3.0,92.1,400 ,False,True,False,チルト液晶,236.0,101.6,58.1,35.5,6,1,2,3.5,,,30,24,720,True,,False,5.0,光学式,,,6.4,False,2015,6,1
19,PowerShot SX740 HS,41979,2030,100,3200,,1〜1/3200 秒,3.0,92.2,265 ,True,True,False,チルト液晶,299.0,110.1,63.8,39.9,6,4,2,3.3,,○,40,24,960,True,,False,1.0,光学式,,1.0,6.9,False,2018,8,1
20,COOLPIX W300,27500,1605,125,6400,120.0,1〜1/1500 秒,3.0,92.0,280 ,True,True,False,,231.0,111.5,66.0,29.0,6,3,2,2.8,,○,5,24,120,False,30 m,True,50.0,レンズシフト方式/電子式,,1.0,4.9,False,2017,6,1
21,COOLPIX P900,47324,1605,100,12800,120.0,1〜1/4000 秒,3.0,92.0,360 ,False,True,False,バリアングル液晶,899.0,139.5,103.2,137.4,6,3,9,2.8,,,83,24,2000,False,,True,50.0,レンズシフト方式,,1.0,6.5,False,2015,3,1
22,COOLPIX B500,20769,1602,125,6400,120.0,1〜1/1500 秒,3.0,92.0,600 ,False,True,False,チルト液晶,542.0,113.5,78.3,94.9,6,3,2,3,,○,40,22.5,900,False,,False,30.0,レンズシフト方式,,1.0,6.5,False,2016,5,1
23,COOLPIX W100,11540,1317,125,1600,4.7,1〜1/2000 秒,2.7,23.0,220 ,False,True,False,,177.0,109.5,67.0,38.0,5,3,2,3.3,,○,3,30,90,False,10 m,False,5.0,,,5.0,5.9,False,2016,10,1
24,COOLPIX A10,6880,1614,80,1600,1.2,1〜1/2000 秒,2.7,23.0,200 ,False,False,False,,160.0,96.4,59.4,28.9,6,3,2,3.2,,,5,26,130,False,,False,50.0,,,10.0,6.5,False,2016,1,1
25,GR II,57442,1620,100,25600,4.0,300〜1/4000 秒,3.0,123.0,320 ,False,True,False,,251.0,117.0,62.8,34.7,3,7,2,2.8,,,,28,28,False,,False,30.0,,,10.0,2.8,False,2015,7,1
26,サイバーショット DSC-WX350,21080,1820,80,1280,10.0,1〜1/1600 秒,3.0,46.0,470 ,False,True,False,,164.0,96.0,54.9,25.7,6,1,2,3.5,,,20,25,500,False,,False,5.0,光学式,,,6.5,False,2014,3,1
27,COOLPIX A100,7990,2005,80,3200,1.1,1〜1/2000 秒,2.7,23.0,250 ,False,False,False,,119.0,94.5,58.6,19.8,6,3,2,3.2,,,5,26,130,False,,False,50.0,,,10.0,6.5,False,2016,1,1
28,サイバーショット DSC-RX0,64912,1530,125,2560,16.0,1/4〜1/32000 秒,1.5,23.0,240 ,False,False,False,,110.0,59.0,40.5,29.8,5,1,2,4,,,,24,24,False,10 m,False,50.0,,,,4,False,2017,10,1
29,LUMIX DC-TZ90,33320,2030,80,640,10.0,4〜1/16000 秒,3.0,104.0,380 ,True,True,True,チルト液晶,322.0,112.0,67.3,41.2,6,6,6,3.3,,,30,24,720,True,,False,50.0,光学式,,3.0,6.4,False,2017,6,1
30,サイバーショット DSC-HX90V,40880,1820,80,1280,10.0,1〜1/2000 秒,3.0,92.1,390 ,False,True,False,チルト液晶,245.0,102.0,58.1,35.5,6,1,11,3.5,,,30,24,720,True,,True,5.0,光学式,,,6.4,False,2015,6,1
31,LUMIX DMC-FZ300,41570,1210,100,6400,60.0,60〜1/4000 秒,3.0,104.0,380 ,True,True,True,バリアングル液晶,691.0,131.6,91.5,117.1,6,6,12,2.8,,,24,25,600,False,,False,30.0,光学式,,1.0,2.8,False,2015,9,1
32,RICOH WG-50,26699,1600,125,6400,,1/4〜1/4000 秒,2.7,23.0,300 ,False,False,False,,193.0,122.5,61.5,29.5,6,7,2,3.5,,,5,28,140,False,14 m,False,50.0,電子式,,10.0,5.5,False,2017,6,1
33,IXY 650,15392,2020,80,3200,7.2,1〜1/2000 秒,3.0,46.1,180 ,False,True,False,,147.0,99.6,58.0,22.8,6,4,2,3.6,,,12,25,300,False,,False,1.0,光学式,,1.0,7,False,2016,5,1
34,LUMIX DC-TX2,83800,2010,125,2560,10.0,60〜1/16000 秒,3.0,124.0,370 ,True,True,True,,340.0,111.2,66.4,45.2,5,6,10,3.3,,○,15,24,360,False,,False,50.0,光学式,,3.0,6.4,False,2018,3,1
35,FinePix XP130,20203,1640,100,6400,60.0,1/4〜1/2000 秒,3.0,92.0,240 ,False,True,False,,207.0,109.6,71.0,27.8,6,2,2,3.9,,○,5,28,140,False,20 m,False,60.0,CMOSシフト方式,,9.0,4.9,False,2018,2,1
36,IXY 200,10415,2000,100,1600,0.8,1〜1/2000 秒,2.7,23.0,210 ,False,False,False,,126.0,95.2,54.3,22.1,6,4,2,3.2,,,8,28,224,False,,False,1.0,,,1.0,6.9,False,2017,2,1
37,サイバーショット DSC-RX100M4,67800,2010,125,2560,16.0,30〜1/32000 秒,3.0,122.8,280 ,True,True,False,チルト液晶,298.0,101.6,58.1,41.0,5,1,16,1.8,,,3,24,70,True,,False,5.0,光学式,,,2.8,False,2015,7,1
38,HIGH SPEED EXILIM EX-ZR70,23800,1610,80,2560,30.0,1/4〜1/1000 秒,3.0,92.1,280 ,False,True,False,チルト液晶,202.0,99.6,59.5,25.0,6,9,2,3.5,,○,10,25,250,True,,False,5.0,レンズシフト方式,,5.0,6.5,False,2016,12,1
39,IXY 210,13640,2000,100,1600,0.8,1〜1/2000 秒,2.7,23.0,190 ,False,True,False,,137.0,95.3,56.8,23.6,6,4,2,3,,,10,24,240,False,,False,1.0,光学式,,1.0,6.9,False,2017,2,1
40,LEICA C-LUX,141580,2010,125,2500,10.0,60〜1/16000 秒,3.0,124.0,370 ,True,True,True,,340.0,113.0,67.0,46.0,5,8,13,3.3,,○,15,24,360,False,,False,50.0,光学式,,3.0,6.4,False,2018,7,1
41,PowerShot SX60 HS,39000,1610,100,640,6.4,1〜1/2000 秒,3.0,92.2,340 ,False,True,False,バリアングル液晶,650.0,127.6,92.6,114.3,6,4,14,3.4,,,65,21,1365,False,,False,0.0,光学式,,0.0,6.5,False,2014,10,1
42,サイバーショット DSC-W830,13112,2010,80,3200,0.8,1〜1/1600 秒,2.7,23.0,210 ,False,False,False,,120.0,93.1,52.5,22.5,6,1,2,3.3,,,8,25,200,False,,False,5.0,光学式,,,6.3,False,2017,10,1
43,RICOH THETA SC,20880,1200,100,1600,,1/8〜1/8000 秒,,,260 ,False,True,False,,102.0,45.2,130.6,22.9,6,7,2,2,,,,,,False,,False,10.0,,,,2,True,2016,10,1
44,HIGH SPEED EXILIM EX-ZR1700,20209,1610,80,2560,30.0,1/4〜1/2000 秒,3.0,92.1,455 ,False,True,False,チルト液晶,242.0,108.3,61.5,33.6,6,9,2,3.5,,○,18,25,450,True,,False,4.0,レンズシフト方式,,4.0,5.9,False,2016,2,1
45,LUMIX DMC-LX9,67000,2010,125,2560,50.0,60〜1/16000 秒,3.0,104.0,260 ,True,True,True,チルト液晶,310.0,105.5,60.0,42.0,5,6,2,1.4,,,3,24,72,True,,False,30.0,光学式,,3.0,2.8,False,2016,11,1
46,PowerShot SX530 HS,24841,1600,100,3200,10.0,1〜1/2000 秒,3.0,46.1,210 ,False,True,False,,442.0,120.0,81.7,91.9,6,4,2,3.4,,,50,24,1200,False,,False,0.0,光学式,,0.0,6.5,False,2015,2,1
47,PowerShot G1 X Mark III,97895,2420,100,25600,,1〜1/2000 秒,3.0,104.0,200 ,False,True,True,バリアングル液晶,399.0,115.0,77.9,51.4,3,4,15,2.8,,○,3,24,72,True,,False,10.0,光学式,,10.0,5.6,False,2017,11,1
48,FinePix XP120,18141,1640,100,6400,60.0,1/4〜1/2000 秒,3.0,92.0,210 ,False,True,False,,203.0,109.6,71.0,27.8,6,2,2,3.9,,,5,28,140,False,20 m,False,60.0,CMOSシフト方式,,9.0,4.9,False,2017,2,1
49,PowerShot SX420 IS,17980,2000,100,1600,0.5,1〜1/4000 秒,3.0,23.0,195 ,False,True,False,,325.0,104.4,69.1,85.1,6,4,2,3.5,,,42,24,1008,False,,False,0.0,光学式,,0.0,6.6,False,2016,2,1
50,HIGH SPEED EXILIM EX-ZR3100,24980,1210,80,2560,30.0,1/4〜1/1600 秒,3.0,92.1,425 ,False,True,False,チルト液晶,249.0,108.3,61.5,36.7,8,9,2,2.8,,○,12,25,300,True,,False,6.0,レンズシフト方式,,6.0,6.3,False,2016,3,1
51,サイバーショット DSC-RX10M3,105795,2010,100,2560,14.0,30〜1/32000 秒,3.0,122.8,420 ,True,True,False,チルト液晶,1095.0,132.5,94.0,127.4,5,1,16,2.4,,,25,24,600,False,,False,3.0,光学式,,,4,False,2016,5,1
52,サイバーショット DSC-RX1RM2,283799,4240,100,10240,5.0,30〜1/4000 秒,3.0,122.8,220 ,False,True,False,チルト液晶,507.0,113.3,65.4,72.0,2,1,16,2,,,,35,35,False,,False,30.0,,,20.0,2,False,2016,2,1
53,PowerShot SX430 IS,23980,2000,100,1600,0.5,1〜1/4000 秒,3.0,23.0,195 ,False,True,False,,323.0,104.4,69.1,85.1,6,4,2,3.5,,,45,24,1080,False,,False,0.0,光学式,,0.0,6.8,False,2017,2,1
54,EXILIM EX-ZS260,11980,1610,100,1600,,1/2〜1/2000 秒,3.0,46.0,175 ,False,False,False,,179.0,104.5,61.9,26.4,6,9,2,3.1,,,12,24,288,False,,False,3.0,レンズシフト方式,,3.0,6.3,False,2018,3,1
55,PowerShot G5 X,64800,2020,125,12800,5.9,1〜1/2000 秒,3.0,104.0,210 ,False,True,True,バリアングル液晶,377.0,112.4,76.4,44.2,5,4,15,1.8,,,4,24,100,True,,False,5.0,光学式,,5.0,2.8,False,2015,10,1
56,HIGH SPEED EXILIM EX-ZR1800,31980,1610,80,2560,30.0,1/4〜1/2000 秒,3.0,92.1,455 ,False,True,False,チルト液晶,242.0,108.3,61.5,33.6,6,9,2,3.5,,○,18,25,450,True,,False,4.0,レンズシフト方式,,4.0,5.9,False,2017,2,1
57,TG-5 工一郎,55000,1200,100,12800,,1/2〜1/2000 秒,3.0,46.0,340 ,True,True,False,,250.0,113.0,66.0,31.9,6,5,2,2,,,4,25,100,False,15 m,True,10.0,CMOSシフト方式,,1.0,4.9,False,2017,10,1
58,サイバーショット DSC-RX100M5,84480,2010,125,2560,24.0,30〜1/32000 秒,3.0,122.8,220 ,True,True,False,チルト液晶,299.0,101.6,58.1,41.0,5,1,1,1.8,,,3,24,70,True,,False,5.0,光学式,,,2.8,False,2016,10,1
59,LUMIX DC-LX100M2,111659,1700,200,10,,60〜1/16000 秒,3.0,124.0,340 ,True,True,True,,392.0,115.0,66.2,64.2,4,6,18,1.7,,○,3,24,75,False,,False,50.0,光学式,,3.0,2.8,False,2018,10,1
60,サイバーショット DSC-HX400V,41838,2040,80,1280,10.0,1〜1/4000 秒,3.0,92.1,380 ,False,True,False,チルト液晶,660.0,129.6,93.2,103.2,6,1,17,2.8,,,50,24,1200,False,,True,1.0,光学式,,,6.3,False,2014,4,1
61,サイバーショット DSC-HX60V,27117,2040,80,1280,10.0,1〜1/1600 秒,3.0,92.1,380 ,False,True,False,,272.0,108.1,63.6,38.3,6,1,2,3.5,,,30,24,720,False,,True,5.0,光学式,,,6.3,False,2014,3,1
62,RICOH G800,51674,1600,100,2560,,8〜1/1500 秒,3.0,92.0,400 ,False,False,False,,318.0,118.8,71.0,41.0,6,7,2,3.5,,,5,28,140,False,5 m,False,30.0,電子式,,1.0,5.5,False,2014,10,1
63,IXY 180,9780,2000,100,1600,0.8,1〜1/2000 秒,2.7,23.0,220 ,False,False,False,,126.0,95.2,54.3,22.1,6,4,2,3.2,,,8,28,224,False,,False,1.0,,,1.0,6.9,False,2016,2,1
64,PowerShot G3 X,68541,2020,125,12800,5.9,1〜1/2000 秒,3.2,162.0,300 ,False,True,True,チルト液晶,733.0,123.3,76.5,105.3,5,4,2,2.8,,,25,24,600,False,,False,5.0,光学式,,5.0,5.6,False,2015,6,1
65,LUMIX DMC-FZH1,111622,2010,125,2560,,60〜1/16000 秒,3.0,104.0,350 ,True,True,True,バリアングル液晶,966.0,137.6,101.9,134.7,5,6,19,2.8,,,20,24,480,False,,False,30.0,光学式,,3.0,4.5,False,2016,11,1
66,LEICA Q Typ 116,574493,2420,100,50000,10.0,30〜1/16000 秒,3.0,104.0,,False,True,True,,640.0,130.0,80.0,93.0,2,8,20,1.7,,,,28,28,False,,False,30.0,光学式,,17.0,1.7,False,,,1
67,RICOH THETA V,45388,1200,64,1600,,1/8〜1/25000 秒,,,300 ,True,True,False,,121.0,45.2,130.6,22.9,6,7,2,2,,○,,,,False,,False,10.0,,,,2,True,2017,9,1
68,PowerShot G1 X Mark II,52980,1310,100,12800,5.2,1〜1/4000 秒,3.0,104.0,240 ,False,True,True,チルト液晶,553.0,116.3,74.0,66.2,9,4,2,2,,,5,24,120,False,,False,5.0,光学式,,5.0,3.9,False,2014,3,1
69,サイバーショット DSC-RX100M2,45958,2020,160,2560,10.0,1〜1/2000 秒,3.0,122.9,350 ,False,True,False,チルト液晶,281.0,101.6,58.1,38.3,5,1,2,1.8,,,4,28,100,False,,False,5.0,光学式,,,4.9,False,2013,7,1
70,RICOH WG-40W,26700,1600,125,6400,,1/4〜1/4000 秒,2.7,23.0,300 ,False,True,False,,194.0,122.5,61.5,29.5,6,7,2,3.5,,,5,28,140,False,14 m,False,50.0,電子式,,10.0,5.5,False,2015,10,1
71,COOLPIX S6900,17800,1602,125,6400,120.0,1〜1/2000 秒,3.0,46.0,190 ,False,True,True,バリアングル液晶,181.0,99.4,58.0,27.9,6,3,2,3.3,,,12,25,300,True,,False,50.0,レンズシフト方式,,2.0,6.3,False,2014,10,1
72,EXILIM EX-FR100L,27680,1020,64,3200,30.0,,3.0,92.1,235 ,False,True,True,,214.0,60.9,154.8,38.7,6,9,2,2.8,,○,,16,16,True,1.5 m,False,10.0,,,3.0,2.8,False,2017,3,1
73,EXILIM EX-ZS29,9980,1610,100,1600,,1/2〜1/2000 秒,2.7,23.0,180 ,False,False,False,,133.0,96.3,56.2,20.6,6,9,2,3.5,,,6,26,156,False,,False,5.0,,,5.0,6.5,False,2017,3,1
74,COOLPIX B700,50000,2029,100,3200,120.0,1〜1/4000 秒,3.0,92.0,420 ,True,True,False,バリアングル液晶,570.0,125.0,85.0,106.5,6,3,22,3.3,,○,60,24,1440,False,,False,50.0,レンズシフト方式,,1.0,6.5,False,2016,10,1
75,EXILIM EX-FR200,20079,1195,80,3200,30.0,,3.0,92.1,260 ,True,True,True,,238.0,60.9,154.8,46.2,6,9,2,2.8,,○,,13,13,True,1.5 m,False,,,,,2.8,False,2016,9,1
76,EXILIM EX-FR100,20974,1020,64,3200,30.0,,3.0,92.1,235 ,False,True,True,,214.0,60.9,154.8,38.7,6,9,2,2.8,,○,,16,16,True,1.5 m,False,10.0,,,3.0,2.8,False,2015,12,1
77,HIGH SPEED EXILIM EX-ZR3200,35424,1210,80,2560,30.0,1/4〜1/1600 秒,3.0,92.1,425 ,False,True,False,チルト液晶,249.0,108.3,61.5,36.7,8,9,2,2.8,,○,12,25,300,True,,False,6.0,レンズシフト方式,,6.0,6.3,False,2017,4,1
78,EXILIM EX-ZS240,11300,1610,100,1600,,1/2〜1/2000 秒,3.0,46.0,175 ,False,False,False,,179.0,104.5,61.9,26.4,6,9,2,3.1,,,12,24,288,False,,False,3.0,レンズシフト方式,,3.0,6.3,False,2017,1,1
79,D-LUX Typ 109,159000,1280,80,2500,40.0,60〜1/16000 秒,3.0,92.1,350 ,True,True,False,,405.0,117.8,66.2,55.0,4,8,21,1.7,,,3,24,75,False,,False,50.0,光学式,,3.0,2.8,False,2014,11,1
80,RICOH THETA S,26799,1200,100,1600,,1/8〜1/6400 秒,,,260 ,False,True,False,,125.0,44.0,130.0,22.9,6,7,2,2,,,,,,False,,False,10.0,,,,2,True,2015,10,1
81,DSC-Pieni,2404,131,1,0,,1/100 秒,,,,False,False,False,,18.0,51.0,36.0,18.0,10,10,23,2.8,,,,,,False,,False,30.0,,,,2.8,False,2016,7,1
82,COOLPIX A300,14965,2005,80,3200,1.1,1〜1/1500 秒,2.7,23.0,240 ,False,True,False,,119.0,95.9,58.0,20.1,6,3,2,3.7,,○,8,25,200,False,,False,50.0,レンズシフト方式,,2.0,6.6,False,2016,5,1
83,HIGH SPEED EXILIM EX-ZR4100,49848,1210,80,2560,30.0,1/4〜1/1600 秒,3.0,92.1,430 ,False,True,False,チルト液晶,249.0,108.3,61.5,37.7,8,9,2,2.7,,○,5,19,95,True,,False,3.0,レンズシフト方式,,3.0,6.4,False,2017,8,1
84,G'z EYE GZE-1,28000,690,,,,,,,355 ,False,True,False,,172.0,74.1,75.0,46.4,6,9,2,2.8,,,,13,13,False,50 m,False,,,,,2.8,False,2017,10,1
85,LUMIX DC-FT7,52854,2040,80,640,10.0,4〜1/16000 秒,3.0,104.0,300 ,True,True,False,,319.0,116.7,76.1,37.3,6,6,6,3.3,,,5,28,128,False,31 m,False,30.0,光学式,,5.0,5.9,False,2018,10,1
86,EXILIM EX-FR10,16800,1400,,,,,2.0,23.0,255 ,False,True,True,,175.0,60.9,153.1,34.2,6,9,2,2.8,,,,21,21,True,1 m,False,10.0,,,,2.8,False,2014,9,1
87,サイバーショット DSC-RX1R,188799,2430,100,10240,5.0,30〜1/4000 秒,3.0,122.9,270 ,False,False,False,,482.0,113.3,65.4,69.6,2,1,2,2,,,,35,35,False,,False,,,,20.0,2,False,2013,7,1
88,DSC PRO14,10778,1400,100,800,,1/4〜1/8000 秒,2.7,1.8,,False,False,False,,150.0,99.0,63.0,28.0,6,10,2,2.8,,,,42,42,False,3 m,False,70.0,,,13.0,2.8,False,2016,11,1
89,IXY 190,13584,2000,100,1600,0.8,1〜1/2000 秒,2.7,23.0,190 ,False,True,False,,138.0,95.3,56.8,23.6,6,4,2,3,,,10,24,240,False,,False,1.0,光学式,,1.0,6.9,False,2016,2,1
90,COOLPIX AW130,41800,1605,125,6400,120.0,1〜1/1500 秒,,,370 ,False,True,False,,221.0,110.4,66.0,26.8,6,3,2,2.8,,,5,24,120,False,30 m,True,50.0,レンズシフト方式/電子式,,1.0,4.9,False,2015,3,1
91,RICOH THETA m15,15800,,100,1600,,1/7.5〜1/8000 秒,,,200 ,False,True,False,,95.0,42.0,129.0,22.8,14,7,2,,,,,,,False,,False,10.0,,,,,True,2014,11,1
92,SIGMA dp0 Quattro,84900,2900,100,6400,4.5,30〜1/2000 秒,3.0,92.0,200 ,False,False,False,,500.0,161.4,67.0,126.0,3,13,2,4,,,,21,21,False,,False,18.0,,,,4,False,2015,7,1
93,サイバーショット DSC-RX10M2,104527,2020,100,2560,14.0,30〜1/32000 秒,3.0,122.8,400 ,True,True,False,チルト液晶,813.0,129.0,88.1,102.2,5,1,16,2.8,,,8,24,200,False,,False,3.0,光学式,,,2.8,False,2015,8,1
94,IXY 160,11800,2000,100,1600,0.8,1〜1/2000 秒,2.7,23.0,200 ,False,False,False,,128.0,95.2,54.3,22.1,6,4,2,3.2,,,8,28,224,False,,False,1.0,光学式,,1.0,6.9,False,2015,7,1
95,OLYMPUS STYLUS SH-3,39800,1600,125,6400,60.0,1/4〜1/2000 秒,3.0,46.0,380 ,True,True,True,,271.0,108.8,63.2,42.4,6,5,2,3,,,24,25,600,False,,False,10.0,CMOSシフト方式,,,6.9,False,2016,2,1
96,SIGMA dp3 Quattro,84780,2900,100,6400,,30〜1/2000 秒,3.0,92.0,200 ,False,False,False,,465.0,161.4,67.0,101.8,3,13,2,2.8,,,,75,75,False,,False,6.0,,,,2.8,False,2015,3,1
97,DSC1480DW,6771,1400,100,800,,1/4〜1/8000 秒,2.7,1.8,,False,False,False,,150.0,99.0,63.0,28.0,6,10,2,2.8,,,,42,42,False,3 m,False,70.0,,,13.0,2.8,False,2015,8,1
98,FUJIFILM X100T,82000,1630,200,5120,6.0,4〜1/32000 秒,3.0,104.0,330 ,False,True,False,,440.0,126.5,74.4,52.4,3,2,7,2,,,,35,35,False,,False,50.0,,,10.0,2,False,2014,11,1
99,サイバーショット DSC-RX1,195982,2430,100,10240,5.0,30〜1/4000 秒,3.0,122.9,270 ,False,False,False,,482.0,113.3,65.4,69.6,2,1,2,2,,,,35,35,False,,False,,,,,2,False,2012,11,1
100,GR II Premium Kit,99800,1620,100,25600,4.0,300〜1/4000 秒,3.0,123.0,320 ,False,True,False,,251.0,117.0,62.8,34.7,3,7,2,2.8,,,,28,28,False,,False,30.0,,,10.0,2.8,False,2015,10,1
101,OMNI shot OCAM-VRW01BK,26500,,32,0,,1/4〜1/8000 秒,,,130 ,True,True,False,,76.0,35.0,97.0,34.8,6,11,2,2,,○,,14,14,False,,False,10.0,,,,2,True,2017,12,1
102,COOLPIX L840,32800,1602,125,6400,120.0,1〜1/1500 秒,3.0,92.0,590 ,False,True,False,チルト液晶,538.0,113.5,78.3,96.0,6,3,2,3,,,38,22.5,855,False,,False,30.0,レンズシフト方式,,1.0,6.5,False,,,1
103,HIGH SPEED EXILIM EX-100F,80869,1210,80,2560,60.0,1/2〜1/2000 秒,3.5,92.1,390 ,False,True,False,チルト液晶,390.0,119.9,67.9,50.5,8,9,2,2.8,,,11,28,300,True,,False,10.0,レンズシフト方式,,5.0,2.8,False,2015,8,1
104,SIGMA dp2 Quattro,84000,2900,100,6400,4.5,30〜1/2000 秒,3.0,92.0,200 ,False,False,False,,410.0,161.4,67.0,81.6,3,13,2,2.8,,,,45,45,False,,False,28.0,,,,2.8,False,2014,6,1
105,SIGMA dp1 Quattro,74100,2900,100,6400,,30〜1/2000 秒,3.0,92.0,200 ,False,False,False,,425.0,161.4,67.0,87.1,3,13,2,2.8,,,,28,28,False,,False,20.0,,,,2.8,False,2014,10,1
106,サイバーショット DSC-RX10,98200,2020,125,2560,10.0,1〜1/3200 秒,3.0,122.9,420 ,False,True,False,チルト液晶,813.0,129.0,88.1,102.2,5,1,4,2.8,,,8,26,220,False,,False,3.0,光学式,,,2.8,False,2013,11,1
107,サイバーショット DSC-W810,12500,2010,100,3200,0.52,1〜1/1500 秒,2.7,23.0,200 ,False,False,False,,127.0,96.8,55.5,20.9,6,1,2,3.5,,,6,26,156,False,,False,5.0,電子式,,,6.5,False,2014,3,1
108,FinePix S8600,25799,1600,100,6400,8.0,1/4〜1/1500 秒,3.0,46.0,250 ,False,False,False,,450.0,121.3,80.8,64.6,6,2,2,2.9,,,36,25,900,False,,False,40.0,レンズシフト方式,,7.0,6.9,False,2014,2,1
109,HIGH SPEED EXILIM EX-SA10 GSET,42106,1020,,,30.0,,,,285 ,False,True,False,,111.0,60.9,69.3,38.7,6,9,2,2.8,,,,16,16,False,1.5 m,False,10.0,,,,2.8,False,2016,6,1
110,PIXPRO WP1,14785,,,,,,,,190 ,False,False,False,,130.0,107.1,59.8,28.0,14,12,2,,,,,,,False,5 m,False,60.0,,,,,False,2015,4,1
111,PowerShot SX710 HS,28800,2030,80,3200,6.0,1〜1/3200 秒,3.0,92.2,230 ,False,True,False,,269.0,112.7,65.8,34.8,6,4,2,3.2,,,30,25,750,False,,False,1.0,光学式,,1.0,6.9,False,2015,2,1
112,JOY500C3,6580,,,,,1/2〜1/2000 秒,,,,False,False,False,,115.0,98.4,74.3,28.1,13,14,2,2.8,,,,,,False,3 m,False,150.0,,,,2.8,False,2017,4,1
113,PIXPRO FZ152,16740,1615,80,1600,,4〜1/2000 秒,3.0,23.0,210 ,False,False,False,,185.0,108.4,69.9,32.8,6,12,2,3.3,,,15,24,360,False,,False,60.0,,,3.0,5.9,False,,,1
114,RICOH GR,57800,1620,100,25600,4.0,300〜1/4000 秒,3.0,123.0,290 ,False,False,False,,245.0,117.0,61.0,34.7,3,7,2,2.8,,,,28,28,False,,False,30.0,,,10.0,2.8,False,2013,5,1
115,V-LUX Typ 114,174400,2010,80,2500,50.0,60〜1/4000 秒,3.0,92.1,,True,True,False,バリアングル液晶,830.0,137.0,98.5,130.7,5,8,24,2.8,,,16,25,400,False,,False,30.0,,,3.0,4,False,2014,10,1
116,COOLPIX S2900,15255,2005,80,3200,1.1,1〜1/2000 秒,2.7,23.0,250 ,False,False,False,,119.0,94.5,58.6,19.8,6,3,2,3.2,,,5,26,130,False,,False,50.0,,,10.0,6.5,False,2015,2,1
117,HIGH SPEED EXILIM EX-ZR1000,28000,1610,80,2560,30.0,1/4〜1/2000 秒,3.0,46.0,470 ,False,False,False,チルト液晶,255.0,107.5,61.5,36.7,6,9,2,3,,,12,24,300,True,,False,5.0,CMOSシフト方式,,1.0,5.9,False,2012,11,1
118,OLYMPUS STYLUS SH-2,39980,1600,125,6400,60.0,1/4〜1/2000 秒,3.0,46.0,380 ,False,True,True,,271.0,108.8,63.2,42.4,6,5,2,3,,,24,25,600,False,,False,10.0,CMOSシフト方式,,,6.9,False,2015,4,1
119,PowerShot G3 X EVF KIT,106165,2020,125,12800,5.9,1〜1/2000 秒,3.2,162.0,300 ,False,True,True,チルト液晶,733.0,123.3,76.5,105.3,5,4,2,2.8,,,25,24,600,False,,False,5.0,光学式,,5.0,5.6,False,,,1
120,PowerShot G9 X,52614,2020,125,12800,6.0,1〜1/2000 秒,3.0,104.0,220 ,False,True,True,,209.0,98.0,57.9,30.8,5,4,2,2,,,3,28,84,False,,False,5.0,光学式,,5.0,4.9,False,2015,10,1
121,COOLPIX S9400,21660,1811,125,320,7.5,1〜1/1500 秒,,,230 ,False,False,False,,200.0,110.1,60.3,30.7,6,3,2,3.4,,,18,25,450,False,,False,50.0,レンズシフト方式/電子式,,1.0,6.3,False,2013,2,1
122,EXILIM EX-ZS28,10200,1610,100,1600,,1/2〜1/2000 秒,2.7,23.0,180 ,False,False,False,,133.0,96.3,56.2,20.6,6,9,2,3.5,,,6,26,156,False,,False,5.0,,,5.0,6.5,False,2016,2,1
123,Gear 360(2017) SM-R210NZWAXJP,30770,,,,,,,,,True,True,False,,130.0,46.3,100.6,45.1,12,18,2,2.2,,,,,,False,,False,,,,,2.2,True,2017,6,1
124,GH-TCAM30PG,2354,,,,,,,,311 ,False,False,False,,24.0,60.0,43.0,30.0,11,16,2,,,,,,,False,,False,100.0,,,,,False,2011,8,1
125,HIGH SPEED EXILIM EX-ZR1100,30000,1610,80,2560,30.0,1/4〜1/2000 秒,3.0,92.1,470 ,False,False,False,チルト液晶,256.0,107.5,61.5,36.7,6,9,2,3,,,12,24,300,True,,False,5.0,CMOSシフト方式,,1.0,5.9,False,2013,9,1
126,HIGH SPEED EXILIM EX-ZR1750,31440,1610,80,2560,30.0,1/4〜1/2000 秒,3.0,92.1,455 ,False,True,False,チルト液晶,242.0,108.3,61.5,33.6,6,9,2,3.5,,○,18,25,450,True,,False,4.0,レンズシフト方式,,4.0,5.9,False,2016,2,1
127,PowerShot SX610 HS,24800,2020,80,3200,7.2,1〜1/2000 秒,3.0,92.2,270 ,False,True,False,,191.0,105.3,61.0,26.7,6,4,2,3.8,,,18,25,450,False,,False,5.0,光学式,,5.0,6.9,False,2015,2,1
128,t1235,15984,,,,,,,,,False,False,False,,,,,,14,19,2,,,,,,,False,,False,,,,,,False,2010,3,1
129,サイバーショット DSC-QX10,26000,1820,100,12800,,1〜1/1600 秒,,,220 ,False,True,False,,105.0,62.4,61.8,33.3,6,1,2,3.3,,,10,25,250,False,,False,5.0,光学式,,,5.9,False,2013,10,1
130,サイバーショット DSC-QX100,56800,2020,160,25600,,1〜1/2000 秒,,,220 ,False,True,False,,179.0,62.5,62.5,55.5,5,1,2,1.8,,,4,28,100,False,,False,5.0,光学式,,,4.9,False,2013,10,1
131,BCC100,30780,,,,,,,,,False,False,False,,120.0,64.0,106.0,46.0,14,15,2,1.2,,,,18,18,False,,False,30.0,,,,1.2,False,,,1
132,DSC Pieni Cheese,3080,131,1,0,,1/100 秒,,,,False,False,False,,16.0,46.0,30.0,24.0,10,10,23,2.8,,,,,,False,,False,30.0,,,,2.8,False,2017,12,1
133,EXILIM EX-FR200CA,43056,1195,,,,,,,,False,True,False,,100.0,60.9,60.9,40.7,6,9,2,2.8,,○,,13,13,False,1.5 m,False,,,,,2.8,False,2016,9,1
134,i.mega HDC-1471,18360,1400,100,3200,,1〜1/2000 秒,3.0,46.0,180 ,False,False,False,,134.0,97.5,57.0,19.7,6,17,2,3,,,7,28,196,False,,False,60.0,イメージセンサーシフト方式,,20.0,5.9,False,,,1
135,PowerShot SX210 IS,19350,1410,80,640,0.7,1〜1/3200 秒,3.0,23.0,260 ,False,False,False,,215.0,105.8,59.3,31.9,6,4,2,3.1,,,14,28,392,False,,False,5.0,光学式,,5.0,5.9,False,2010,3,1
136,SIGMA dp0 Quattro LCD ビューファインダーキット,94610,2900,100,6400,4.5,30〜1/2000 秒,3.0,92.0,200 ,False,False,False,,500.0,161.4,67.0,126.0,3,13,25,4,,,,21,21,False,,False,18.0,,,,4,False,2015,7,1
137,SIGMA dp1 Quattro LCDビューファインダーキット,95870,2900,100,6400,4.5,30〜1/2000 秒,3.0,92.0,200 ,False,False,False,,425.0,161.4,67.0,87.1,3,13,25,2.8,,,,28,28,False,,False,20.0,,,,2.8,False,2016,3,1
138,SIGMA dp3 Quattro LCDビューファインダーキット,93220,2900,100,6400,4.5,30〜1/2000 秒,3.0,92.0,200 ,False,False,False,,465.0,161.4,67.0,101.8,3,13,25,2.8,,,,75,75,False,,False,6.0,,,,2.8,False,2016,3,1
139,TLC120,36293,,,,,,,,,False,True,False,,101.0,60.0,60.0,33.5,14,15,2,2,,○,,19,19,False,,False,40.0,,,,2,False,,,1
140,EOS Kiss M ボディ,57380,2410,,5120,10.0,1/4000〜30 秒,3.0,104.0,235,True,True,True,バリアングル液晶,354.0,116.3,88.1,58.7,3,4,26,,235,Bluetooth 4.1,,,,True,,False,,,False,,,False,2018,3,2
141,α7 III ILCE-7M3 ボディ,219800,2420,,20480,10.0,1/8000〜30 秒,3.0,92.1,710,True,True,True,チルト可動式液晶,565.0,126.9,95.6,73.7,2,1,27,,610,Bluetooth 4.1,,,,False,○,False,,○,True,,,False,2018,3,2
142,α6000 ILCE-6000 ボディ,47013,2430,,,11.0,1/4000〜30 秒,3.0,92.1,360,False,True,False,チルト可動式液晶,285.0,120.0,66.9,45.1,3,1,31,,310,,,,,False,,False,,,False,,,False,2014,3,2
143,LUMIX DC-G9 ボディ,129688,2033,,10,60.0,1/32000〜60 秒,3.0,104.0,380,True,True,True,フリーアングル,586.0,136.9,97.3,91.6,4,6,29,,360,Bluetooth 4.2,,,,True,○,False,,○,True,,,False,2018,1,2
144,Z 7 ボディ,392895,4575,,102400,5.5,1/8000〜30 秒,3.2,210.0,400,True,True,True,チルト式液晶,585.0,134.0,100.5,67.5,2,3,36,,330,Bluetooth 4.2,,,,False,○,False,,○,True,,,False,2018,9,2
145,LUMIX DC-GF9W ダブルレンズキット,51200,1600,,10,10.0,1/16000〜60 秒,3.0,104.0,210,True,True,True,チルト式,239.0,106.5,64.6,33.3,4,6,2,,,,,,,True,,False,,,False,,,False,2017,1,2
146,EOS R ボディ,230850,3030,,10240,8.0,1/8000〜30 秒,,,370,True,True,True,バリアングル液晶,580.0,135.8,98.3,84.4,2,4,28,,350,Bluetooth 4.1,,,,True,○,False,,,False,,,False,2018,10,2
147,α7R III ILCE-7RM3 ボディ,293533,4240,,10240,10.0,1/8000〜30 秒,3.0,144.0,650,True,True,True,チルト可動式液晶,572.0,126.9,95.6,73.7,2,1,32,,530,,,,,False,○,False,,○,True,,,False,2017,11,2
148,α7 II ILCE-7M2 ボディ,109999,2430,,5120,5.0,1/8000〜30 秒,3.0,122.8,350,False,True,False,チルト可動式液晶,556.0,126.9,95.7,59.7,2,1,27,,270,,,,,False,○,False,,○,True,,,False,2014,12,2
149,OM-D E-M10 Mark II ボディ,35800,1605,,2560,8.5,1/16000〜60 秒,3.0,104.0,320,False,True,True,可動式液晶,351.0,119.5,83.1,46.7,4,5,33,,,,,,,False,,False,,○,True,,,False,2015,9,2
150,FUJIFILM X-T3 ボディ,175033,2610,,5120,30.0,1/32000〜900 秒,3.0,104.0,390,True,True,True,チルト式液晶,489.0,132.5,92.8,58.8,3,2,30,,370,Bluetooth 4.2,,,,False,○,False,,,False,,,False,2018,9,2
151,LUMIX DMC-G8 ボディ,76464,1600,,10,40.0,1/16000～60 秒,3.0,104.0,330,True,True,True,フリーアングル,453.0,128.4,89.0,74.3,4,6,29,,320,,,,,True,○,False,,○,True,,,False,2016,10,2
152,OM-D E-M10 Mark III ボディ,63791,1605,,2560,8.6,1/16000〜60 秒,3.0,104.0,330,True,True,True,可動式液晶,362.0,121.5,83.6,49.5,4,5,33,,,,,,,False,,False,,○,True,,,False,2017,9,2
153,LUMIX DMC-GX7MK2 ボディ,48859,1600,,10,40.0,1/16000〜60 秒,3.0,104.0,,True,True,True,チルト式,383.0,122.0,70.6,43.9,4,6,34,,,,,,,False,,False,,○,True,,,False,2016,5,2
154,FUJIFILM X-T100 ボディ,51590,2424,,5120,6.0,1/32000〜30 秒,3.0,104.0,430,True,True,True,チルト式液晶,399.0,121.0,83.0,47.4,3,2,30,,,Bluetooth 4.1,,,,True,,False,,,False,,,False,2018,6,2
155,α6500 ILCE-6500 ボディ,105263,2420,,5120,11.0,1/4000〜30 秒,3.0,92.1,350,True,True,True,チルト可動式液晶,410.0,120.0,66.9,53.3,3,1,27,,310,Bluetooth 4.1,,,,False,○,False,,○,True,,,False,2016,12,2
156,FUJIFILM X-H1 ボディ,194780,2430,,5120,14.0,1/32000〜900 秒,3.0,104.0,310,True,True,True,チルト式液晶,623.0,139.8,97.3,85.5,3,2,30,,,Bluetooth 4.0,,,,False,○,False,,○,True,,,False,2018,3,2
157,Z 7 24-70+FTZ マウントアダプターキット,480826,4575,,102400,5.5,1/8000〜30 秒,3.2,210.0,400,True,True,True,チルト式液晶,585.0,134.0,100.5,67.5,2,3,36,,330,Bluetooth 4.2,,,,False,○,False,,○,True,,,False,2018,9,2
158,FUJIFILM X-T20 ボディ,71242,2430,,5120,14.0,1/32000〜30 秒,3.0,104.0,350,True,True,True,チルト式液晶,333.0,118.4,82.8,41.4,3,2,30,,,,,,,False,,False,,,False,,,False,2017,2,2
159,FUJIFILM X-Pro2 ボディ,134470,2430,,5120,8.0,1/32000〜30 秒,3.0,162.0,280,False,True,False,,445.0,140.5,82.8,45.9,3,2,35,,250,,,,,False,○,False,,,False,,,False,2016,3,2
160,α6300 ILCE-6300 ボディ,70999,2420,,5120,11.0,1/4000〜30 秒,3.0,92.1,400,True,True,False,チルト可動式液晶,361.0,120.0,66.9,48.8,3,1,27,,350,,,,,False,○,False,,,False,,,False,2016,3,2
161,OLYMPUS PEN E-PL9 ボディ,60677,1605,,2560,14.1,1/16000〜60 秒,3.0,104.0,350,True,True,True,可動式液晶,332.0,117.1,68.0,39.0,4,5,2,,,Bluetooth 4.0,,,,True,,False,,○,False,,,False,2018,3,2
162,OLYMPUS PEN E-PL8 ボディ,35800,1605,,2560,8.5,1/4000〜60 秒,3.0,104.0,350,False,True,True,可動式液晶,326.0,117.1,68.3,38.4,4,5,2,,,,,,,True,,False,,○,False,,,False,2016,11,2
163,FUJIFILM X-T2 ボディ,108894,2430,,5120,14.0,1/32000〜30 秒,3.0,104.0,340,True,True,False,チルト式液晶,457.0,132.5,91.8,49.2,3,2,30,,330,,,,,False,○,False,,,False,,,False,2016,9,2
164,α7R II ILCE-7RM2 ボディ,191534,4240,,10240,5.0,1/8000〜30 秒,3.0,122.8,340,True,True,False,チルト可動式液晶,582.0,126.9,95.7,60.3,2,1,27,,290,,,,,False,○,False,,○,True,,,False,2015,8,2
165,EOS M100 ボディ,39631,2420,,,6.1,1/4000〜30 秒,3.0,104.0,295,False,True,True,チルト式液晶,266.0,108.2,67.1,35.1,3,4,2,,,Bluetooth 4.1,,,,True,,False,,,False,,,False,2017,10,2
166,α9 ILCE-9 ボディ,355379,2420,,20480,20.0,1/32000〜30 秒,3.0,144.0,650,True,True,True,チルト可動式液晶,588.0,126.9,95.6,63.0,2,1,32,,480,Bluetooth 4.1,,,,False,○,False,,○,True,,,False,2017,5,2
167,OLYMPUS OM-D E-M5 Mark II ボディ,69245,1605,,2560,10.0,1/8000〜60 秒,3.0,104.0,310,False,True,True,バリアングル液晶,417.0,123.7,85.0,44.5,4,5,37,,,,,,,True,○,False,,○,True,,,False,2015,2,2
168,OM-D E-M1 Mark II 12-40mm F2.8 PROキット,200823,2037,,2560,60.0,1/32000〜60 秒,3.0,104.0,440,True,True,True,2軸可動式液晶,498.0,134.1,90.9,68.9,4,5,37,,,,,,,True,○,False,,○,True,,,False,2018,6,2
169,LUMIX DMC-GX7MK2-K ボディ [ブラック],49500,1600,,10,40.0,1/16000〜60 秒,3.0,104.0,,True,True,True,チルト式,383.0,122.0,70.6,43.9,4,6,34,,,,,,,False,,False,,○,True,,,False,2016,5,2
170,LUMIX DC-GX7MK3 ボディ,83520,2030,,10,9.0,1/16000〜60 秒,3.0,124.0,260,True,True,True,チルト式,407.0,124.0,72.1,46.8,4,6,34,,250,Bluetooth 4.2,,,,False,,False,,○,True,,,False,2018,3,2
171,α5100 ILCE-5100 ボディ,41742,2430,,,6.0,1/4000〜30 秒,3.0,92.1,400,False,True,True,チルト可動式液晶,224.0,109.6,62.8,35.7,3,1,2,,,,,,,True,,False,,,False,,,False,2014,9,2
172,FUJIFILM X-T2 レンズキット,143799,2430,,5120,14.0,1/32000〜30 秒,3.0,104.0,340,True,True,False,チルト式液晶,457.0,132.5,91.8,49.2,3,2,30,,330,,,,,False,○,False,,,False,,,False,2016,9,2
173,FUJIFILM X-A5 ボディ,37480,2424,,5120,6.0,1/32000〜30 秒,3.0,104.0,450,True,True,True,チルト式液晶,311.0,116.9,66.7,40.4,3,2,2,,,Bluetooth 4.1,,,,True,,False,,,False,,,False,2018,2,2
174,OM-D E-M1 Mark II ボディ,171800,2037,,2560,60.0,1/32000～60 秒,3.0,104.0,440,True,True,True,2軸可動式液晶,498.0,134.1,90.9,68.9,4,5,37,,,,,,,True,○,False,,○,True,,,False,2016,12,2
175,FUJIFILM X-E3 ボディ,74679,2430,,5120,14.0,1/32000〜900 秒,3.0,104.0,350,True,True,True,,287.0,121.3,73.9,42.7,3,2,30,,350,Bluetooth 4.0,,,,False,,False,,,False,,,False,2017,9,2
176,Z 6 ボディ,245430,2450,,204800,5.5,1/8000〜30 秒,3.2,210.0,380,True,True,True,チルト式液晶,585.0,134.0,100.5,67.5,2,3,36,,310,Bluetooth 4.2,,,,False,○,False,,○,True,,,False,2018,11,2
177,LUMIX DC-GH5 ボディ,179483,2033,,10,12.0,1/16000〜60 秒,3.2,162.0,410,True,True,True,フリーアングル,645.0,138.5,98.1,87.4,4,6,29,,400,Bluetooth 4.2,,,,True,○,False,,○,True,,,False,2017,3,2
178,LUMIX DC-GF10W ダブルレンズキット,68500,1600,,10,10.0,1/16000〜60 秒,3.0,104.0,210,True,True,True,チルト式,240.0,106.5,64.6,33.3,4,6,2,,,,,,,True,,False,,,False,,,False,2018,2,2
179,EOS M6 ダブルズームキット,67631,2420,,,9.0,1/4000〜30 秒,3.0,104.0,295,False,True,True,チルト式液晶,343.0,112.0,68.0,44.5,3,4,2,,,Bluetooth 4.1,,,,True,,False,,,False,,,False,2017,4,2
180,Z 6 24-70+FTZ マウントアダプターキット,332910,2450,,204800,5.5,1/8000〜30 秒,3.2,210.0,380,True,True,True,チルト式液晶,585.0,134.0,100.5,67.5,2,3,36,,310,Bluetooth 4.2,,,,False,○,False,,○,True,,,False,2018,11,2
181,Z 7 24-70 レンズキット,461700,4575,,102400,5.5,1/8000〜30 秒,3.2,210.0,400,True,True,True,チルト式液晶,585.0,134.0,100.5,67.5,2,3,36,,330,Bluetooth 4.2,,,,False,○,False,,○,True,,,False,2018,9,2
182,Z 7 FTZ マウントアダプターキット,413098,4575,,102400,5.5,1/8000〜30 秒,3.2,210.0,400,True,True,True,チルト式液晶,585.0,134.0,100.5,67.5,2,3,36,,330,Bluetooth 4.2,,,,False,○,False,,○,True,,,False,2018,9,2
183,OLYMPUS PEN-F ボディ,107703,2030,,2560,10.0,1/16000〜60 秒,3.0,104.0,330,False,True,True,バリアングル液晶,373.0,124.8,72.1,37.3,4,5,33,,,,,,,True,,False,,○,True,,,False,2016,2,2
184,LUMIX DC-GH5S ボディ,248480,1028,,20480,12.0,1/16000〜60 秒,3.2,162.0,440,True,True,True,フリーアングル,580.0,138.5,98.1,87.4,4,6,29,,410,Bluetooth 4.2,,,,True,○,False,,,False,,,False,2018,1,2
185,EOS M5 ボディ,74800,2420,,,9.0,1/4000〜30 秒,3.2,162.0,295,False,True,True,チルト式液晶,380.0,115.6,89.2,60.6,3,4,26,,295,Bluetooth 4.1,,,,True,,False,,,False,,,False,2016,11,2
186,LUMIX DMC-GX8 ボディ,71064,2030,,10,40.0,1/16000〜60 秒,3.0,104.0,330,True,True,True,フリーアングル,435.0,133.2,77.9,63.1,4,6,29,,310,,,,,False,○,False,,○,False,,,False,2015,8,2
187,Nikon 1 J5 標準パワーズームレンズキット,42000,2081,,,60.0,1/16000〜30 秒,3.0,104.0,250,True,True,True,チルト式液晶,231.0,98.3,59.7,31.5,5,3,2,,,,,,,True,,False,,,False,,,False,2015,4,2
188,α7S II ILCE-7SM2 ボディ,226475,1220,,40960,5.0,1/8000〜30 秒,3.0,122.8,370,True,True,False,チルト可動式液晶,584.0,126.9,95.7,60.3,2,1,27,,310,,,,,False,○,False,,○,True,,,False,2015,10,2
189,FUJIFILM X-T2 Graphite Silver Edition,163350,2430,,5120,14.0,1/32000〜30 秒,3.0,104.0,340,True,True,False,チルト式液晶,457.0,132.5,91.8,49.2,3,2,30,,330,,,,,False,○,False,,,False,,,False,2017,2,2
190,FUJIFILM X-A3 レンズキット,45799,2420,,2560,6.0,1/32000〜30 秒,3.0,104.0,410,False,True,True,チルト式液晶,290.0,116.9,66.9,40.4,3,2,2,,,,,,,True,,False,,,False,,,False,2016,11,2
191,α7R ILCE-7R ボディ,88172,3640,,5120,4.0,1/8000〜30 秒,3.0,92.1,340,False,True,False,チルト可動式液晶,407.0,126.9,94.4,48.2,2,1,27,,270,,,,,False,○,False,,,False,,,False,2013,11,2
192,Z 6 24-70 レンズキット,313470,2450,,204800,5.5,1/8000〜30 秒,3.2,210.0,380,True,True,True,チルト式液晶,585.0,134.0,100.5,67.5,2,3,36,,310,Bluetooth 4.2,,,,False,○,False,,○,True,,,False,2018,11,2
193,EOS M10 ボディ,29687,1800,,2560,4.6,1/4000〜30 秒,3.0,104.0,255,False,True,True,チルト式液晶,265.0,108.0,66.6,35.0,3,4,2,,,,,,,True,,False,,,False,,,False,2015,10,2
194,Z 6 FTZ マウントアダプターキット,264870,2450,,204800,5.5,1/8000〜30 秒,3.2,210.0,380,True,True,True,チルト式液晶,585.0,134.0,100.5,67.5,2,3,36,,310,Bluetooth 4.2,,,,False,○,False,,○,True,,,False,2018,11,2
195,FUJIFILM GFX 50S ボディ,723654,5140,,10240,3.0,1/16000〜3600 秒,3.2,236.0,400,False,True,True,チルト式液晶,740.0,147.5,94.2,91.4,1,2,30,,,,,,,False,○,False,,,False,,,False,2017,2,2
196,α7S ILCE-7S ボディ,159600,1220,,40960,5.0,1/8000〜30 秒,3.0,92.1,380,False,True,False,チルト可動式液晶,446.0,126.9,94.4,48.2,2,1,27,,320,,,,,False,○,False,,,False,,,False,2014,6,2
197,Nikon 1 J5 ボディ,,2081,,,60.0,1/16000〜30 秒,3.0,104.0,250,True,True,True,チルト式液晶,231.0,98.3,59.7,31.5,5,3,2,,,,,,,True,,False,,,False,,,False,2015,4,2
198,OLYMPUS OM-D E-M10 ボディ,22800,1605,,2560,8.0,1/4000～60 秒,3.0,104.0,320,False,True,True,可動式液晶,350.0,119.1,82.3,45.9,4,5,38,,,,,,,False,,False,,○,False,,,False,2014,2,2
199,Nikon 1 J5 ダブルズームレンズキット,59800,2081,,,60.0,1/16000〜30 秒,3.0,104.0,250,True,True,True,チルト式液晶,231.0,98.3,59.7,31.5,5,3,2,,,,,,,True,,False,,,False,,,False,2015,4,2
200,EOS M6 ボディ,56800,2420,,,9.0,1/4000〜30 秒,3.0,104.0,295,False,True,True,チルト式液晶,343.0,112.0,68.0,44.5,3,4,2,,,Bluetooth 4.1,,,,True,,False,,,False,,,False,2017,4,2
201,α7 ILCE-7 ボディ,96020,2430,,5120,5.0,1/8000〜30 秒,3.0,92.1,340,False,True,False,チルト可動式液晶,416.0,126.9,94.4,48.2,2,1,27,,270,,,,,False,○,False,,,False,,,False,2013,11,2
202,FUJIFILM X-T1 Graphite Silver Edition,46224,1630,,5120,8.0,1/32000〜1/4 秒,3.0,104.0,350,False,True,False,チルト式液晶,390.0,129.0,89.8,46.7,3,2,30,,,,,,,False,○,False,,,False,,,False,2014,11,2
203,LUMIX DC-GF90W ダブルレンズキット,67800,1600,,10,10.0,1/16000〜60 秒,3.0,104.0,210,True,True,True,チルト式,240.0,106.5,64.6,33.3,4,6,2,,,,,,,True,,False,,,False,,,False,2018,2,2
204,FUJIFILM X-E2 ボディ,46979,1630,,2560,7.0,1/4000〜30 秒,3.0,104.0,350,False,True,False,,300.0,129.0,74.9,37.2,3,2,30,,,,,,,False,,False,,,False,,,False,2013,11,2
205,FUJIFILM X-A1 ボディ,27999,1630,,2560,5.6,1/4000〜30 秒,3.0,92.0,350,False,True,False,チルト式液晶,280.0,116.9,66.5,39.0,3,2,2,,,,,,,False,,False,,,False,,,False,2013,11,2
206,FUJIFILM X-E1 ボディ,29700,1630,,2560,6.0,1/4000〜30 秒,2.8,46.0,350,False,False,False,,300.0,129.0,74.9,38.3,3,2,30,,,,,,,False,,False,,,False,,,False,2012,11,2
207,EOS M3 EF-M18-55 IS STM レンズキット,44999,2420,,2560,4.2,1/4000〜30 秒,3.0,104.0,250,False,True,True,チルト式液晶,319.0,110.9,68.0,44.4,3,4,2,,,,,,,True,,False,,,False,,,False,2015,3,2
208,ライカSL Typ 601 ボディ,820800,,,,11.0,1/8000〜60 秒,,,400,True,True,True,,771.0,,,,2,8,40,,,,,,,False,○,True,,,False,,,False,2015,11,2
209,EOS M6 EF-M18-150 IS STM レンズキット,80779,2420,,,9.0,1/4000〜30 秒,3.0,104.0,295,False,True,True,チルト式液晶,343.0,112.0,68.0,44.5,3,4,2,,,Bluetooth 4.1,,,,True,,False,,,False,,,False,2017,4,2
210,ライカCL ボディ,348840,2424,,,30.0,1/25000〜30 秒,3.0,104.0,220,True,True,True,,353.0,131.0,78.0,45.0,3,8,39,,,,,,,False,,False,,,False,,,False,2017,12,2
211,EOS M6 EF-M15-45 IS STM レンズキット,70000,2420,,,9.0,1/4000〜30 秒,3.0,104.0,295,False,True,True,チルト式液晶,343.0,112.0,68.0,44.5,3,4,2,,,Bluetooth 4.1,,,,True,,False,,,False,,,False,2017,4,2
212,OLYMPUS PEN Lite E-PL7 ボディ,32780,1605,,2560,8.0,1/4000〜60 秒,3.0,104.0,350,False,True,True,チルト可動式,309.0,114.9,67.0,38.4,4,5,2,,,,,,,True,,False,,○,False,,,False,2014,9,2
213,SIGMA sd Quattro H ボディ,107870,3860,,,6.2,1/4000〜30 秒,3.0,162.0,187,False,False,False,,,147.0,95.1,90.8,3,13,39,,,,,,,False,○,False,,,False,,,False,2016,12,2
214,SIGMA sd Quattro ボディ,63610,2950,,,4.3,1/4000〜30 秒,3.0,162.0,,False,False,False,,625.0,147.0,95.1,90.8,3,13,39,,,,,,,False,○,False,,,False,,,False,2016,7,2
215,EOS M3 ダブルレンズキット,69800,2420,,2560,4.2,1/4000〜30 秒,3.0,104.0,250,False,True,True,チルト式液晶,319.0,110.9,68.0,44.4,3,4,2,,,,,,,True,,False,,,False,,,False,2015,3,2
216,FUJIFILM X-Pro1 ボディ,80000,1630,,2560,6.0,1/4000〜30 秒,3.0,123.0,300,False,False,False,,400.0,139.5,81.8,42.5,3,2,41,,,,,,,False,,False,,,False,,,False,2012,2,2
217,LUMIX DMC-GF7W ダブルズームレンズキット,64800,1600,,10,40.0,1/16000〜60 秒,3.0,104.0,230,False,True,True,チルト式,236.0,106.5,64.6,33.3,4,6,2,,,,,,,True,,False,,,False,,,False,2015,2,2
218,PENTAX Q10 ボディ,9900,1240,,,5.0,1/2000〜30 秒,3.0,46.0,270,False,False,False,,180.0,102.0,58.0,33.5,6,20,2,,,,,,,False,,False,,○,False,,,False,2012,10,2
219,EOS M ボディ,,1800,,2560,4.3,1/4000〜30 秒,3.0,104.0,230,False,False,True,,262.0,108.6,66.5,32.3,3,4,2,,,,,,,False,,False,,,False,,,False,2012,10,2
220,EOS M3 EF-M15-45 IS STM レンズキット,49500,2420,,2560,4.2,1/4000〜30 秒,3.0,104.0,250,False,True,True,チルト式液晶,319.0,110.9,68.0,44.4,3,4,2,,,,,,,True,,False,,,False,,,False,2016,3,2
221,EOS M3 ボディ,35800,2420,,2560,4.2,1/4000〜30 秒,3.0,104.0,250,False,True,True,チルト式液晶,319.0,110.9,68.0,44.4,3,4,2,,,,,,,True,,False,,,False,,,False,2015,3,2
222,EOS M6 ダブルズームEVFキット,99800,2420,,,9.0,1/4000〜30 秒,3.0,104.0,295,False,True,True,チルト式液晶,343.0,112.0,68.0,44.5,3,4,2,,,Bluetooth 4.1,,,,True,,False,,,False,,,False,2017,4,2
223,FUJIFILM X-A2 ボディ,18800,1630,,2560,5.6,1/4000〜30 秒,3.0,92.0,410,False,True,False,チルト式液晶,300.0,116.9,66.5,40.4,3,2,2,,,,,,,True,,False,,,False,,,False,2015,2,2
224,FUJIFILM X-T1 ボディ,74800,1630,,5120,8.0,1/4000〜30 秒,3.0,104.0,350,False,True,False,チルト式液晶,390.0,129.0,89.8,46.7,3,2,30,,,,,,,False,○,False,,,False,,,False,2014,2,2
225,FUJIFILM X-T10 ボディ,59800,1630,,5120,8.0,1/32000〜30 秒,3.0,92.0,350,False,True,False,チルト式液晶,331.0,118.4,82.8,40.8,3,2,30,,,,,,,False,,False,,,False,,,False,2015,6,2
226,X1D エクスペリエンス・パッケージ [Silver],1388394,,,,,1/2000〜 秒,3.0,92.0,,False,True,True,,,150.0,98.0,71.0,1,21,42,,,,,,,False,,True,,,False,,,False,2018,4,2
227,X1D-50c ボディ,1108080,,,,,1/2000〜 秒,3.0,92.0,,False,True,True,,,150.4,98.1,71.4,1,21,42,,,,,,,False,,True,,,False,,,False,,,2
228,FUJIFILM X-M1 ボディ,32800,1630,,2560,5.6,1/4000〜30 秒,3.0,92.0,350,False,True,False,チルト式液晶,280.0,116.9,66.5,39.0,3,2,2,,,,,,,False,,False,,,False,,,False,2013,9,2
229,Nikon 1 AW1 ボディ,59802,1425,,,60.0,1/16000〜30 秒,3.0,92.0,250,False,False,False,,313.0,113.3,71.5,37.5,5,3,2,,,,,,,False,○,True,,,False,,,False,2013,10,2
230,OLYMPUS OM-D E-M1 ボディ [ブラック],39800,1628,,2560,10.0,1/8000〜60 秒,3.0,104.0,350,False,True,True,可動式液晶,443.0,130.4,93.5,63.1,4,5,37,,,,,,,False,○,False,,○,True,,,False,2013,10,2
231,OLYMPUS OM-D E-M5 Mark II ボディ [ブラック],69697,1605,,2560,10.0,1/8000〜60 秒,3.0,104.0,310,False,True,True,バリアングル液晶,417.0,123.7,85.0,44.5,4,5,37,,,,,,,True,○,False,,○,True,,,False,2015,2,2
232,ライカTL2 ボディ,256500,,,,20.0,1/40000〜30 秒,3.7,130.0,250,True,True,True,,355.0,134.0,69.0,33.0,3,8,2,,,,,,,False,,False,,,False,,,False,2017,8,2
233,OLYMPUS PEN E-P5 ボディ,60329,1605,,2560,9.0,1/8000～60 秒,3.0,104.0,400,False,True,True,可動式液晶,366.0,122.3,68.9,37.2,4,5,2,,,,,,,False,,False,,○,False,,,False,2013,6,2
234,PENTAX Q7 ボディ [ブラック],,1240,,,5.0,1/2000～30 秒,3.0,46.0,260,False,False,False,,180.0,102.0,58.0,33.5,14,20,2,,,,,,,False,,False,,○,False,,,False,2013,7,2
235,EOS M3 クリエイティブマクロレンズキット,69800,2420,,2560,4.2,1/4000〜30 秒,3.0,104.0,250,False,True,True,チルト式液晶,319.0,110.9,68.0,44.4,3,4,2,,,,,,,True,,False,,,False,,,False,2016,7,2
236,EOS M3 ダブルレンズキット2,65800,2420,,2560,4.2,1/4000〜30 秒,3.0,104.0,250,False,True,True,チルト式液晶,319.0,110.9,68.0,44.4,3,4,2,,,,,,,True,,False,,,False,,,False,2016,3,2
237,FUJIFILM X-T1 F X-T1B/1855KIT レンズキット,123768,1630,,5120,8.0,1/4000〜30 秒,3.0,104.0,350,False,True,False,チルト式液晶,390.0,129.0,89.8,46.7,3,2,30,,,,,,,False,○,False,,,False,,,False,2014,2,2
238,LUMIX DMC-GF6 ボディ,49800,1600,,2560,20.0,1/4000〜60 秒,3.0,104.0,,False,True,True,可動式,281.0,111.2,64.8,38.4,4,6,2,,,,,,,True,,False,,,False,,,False,2013,4,2
239,OLYMPUS OM-D E-M5 ボディ,21300,1605,,2560,9.0,1/4000〜60 秒,3.0,61.0,360,False,False,True,チルト可動式,373.0,121.0,89.6,41.9,4,5,38,,,,,,,False,○,False,,○,False,,,False,2012,3,2
240,α NEX-6 ボディ,50000,1610,,,10.0,1/4000〜30 秒,3.0,92.1,360,False,True,False,チルト可動式液晶,287.0,119.9,66.9,42.6,3,1,27,,270,,,,,False,,False,,,False,,,False,2012,11,2
241,ライカT ボディ,235440,1630,,,5.0,1/4000〜30 秒,3.7,130.0,400,False,True,True,,339.0,134.0,69.0,33.0,3,8,2,,,,,,,False,,False,,,False,,,False,,,2
242,EOS M3 ボディ EVFキット,57966,2420,,2560,4.2,1/4000〜30 秒,3.0,104.0,250,False,True,True,チルト式液晶,319.0,110.9,68.0,44.4,3,4,2,,,,,,,True,,False,,,False,,,False,2015,3,2
243,EOS M6 EF-M18-150 IS STM レンズEVFキット,109800,2420,,,9.0,1/4000〜30 秒,3.0,104.0,295,False,True,True,チルト式液晶,343.0,112.0,68.0,44.5,3,4,2,,,Bluetooth 4.1,,,,True,,False,,,False,,,False,2017,4,2
244,LUMIX DMC-GH4 ボディ,69800,1605,,10,40.0,1/8000〜60 秒,3.0,104.0,530,True,True,True,フリーアングル,480.0,132.9,93.4,83.9,4,6,29,,,,,,,False,○,False,,,False,,,False,2014,4,2
245,α NEX-3NY ダブルズームレンズキット,56000,1610,,,4.0,1/4000〜30 秒,3.0,46.0,480,False,False,False,チルト可動式液晶,210.0,109.9,62.0,34.6,3,1,2,,,,,,,True,,False,,,False,,,False,2013,3,2
246,LUMIX DMC-GM1SK レンズキット,82080,1600,,10,40.0,1/16000〜60 秒,3.0,104.0,230,False,True,True,,173.0,98.5,54.9,30.4,4,6,2,,,,,,,False,,False,,,False,,,False,2014,11,2
247,OLYMPUS PEN E-P3 ボディ,69505,1230,,,3.0,1/4000〜60 秒,3.0,61.0,330,False,False,True,,321.0,122.0,69.1,34.3,4,5,2,,,,,,,False,,False,,○,False,,,False,2011,7,2
248,OLYMPUS PEN E-P5 14-42mm レンズキット,65900,1605,,2560,9.0,1/8000～60 秒,3.0,104.0,400,False,True,True,可動式液晶,366.0,122.3,68.9,37.2,4,5,2,,,,,,,False,,False,,○,True,,,False,2013,6,2
249,OLYMPUS PEN Lite E-PL6 EZ ダブルズームキット,59800,1605,,2560,8.0,1/4000〜60 秒,3.0,46.0,360,False,False,True,チルト＆リバース式液晶,279.0,110.5,63.7,38.2,4,5,2,,,,,,,True,,False,,○,False,,,False,2014,5,2
250,ライカTL ボディ,225720,1630,,,5.0,1/4000〜30 秒,3.7,130.0,400,False,True,True,,339.0,134.0,69.0,33.0,3,8,2,,,,,,,False,,False,,,False,,,False,2016,11,2
251,EOS 5D Mark IV ボディ,244000,3040,,10240,7.0,1/8000～30 秒,3.2,162.0,300,True,True,True,,800.0,150.7,116.4,75.9,2,4,43,,900,,,,,False,○,True,,,False,,,False,2016,9,3
252,D850 ボディ,318177,4575,,102400,7.0,1/8000〜30 秒,3.2,236.0,,True,True,True,チルト式液晶,915.0,146.0,124.0,78.5,2,3,43,,1840,Bluetooth 4.1,,,,False,○,False,,,False,,,False,2017,9,3
253,EOS 6D Mark II ボディ,138460,2620,,10240,6.5,1/4000〜30 秒,3.0,104.0,380,False,True,True,バリアングル液晶,685.0,144.0,110.5,74.8,2,4,43,,1200,Bluetooth 4.1,,,,True,○,True,,,False,,,False,2017,8,3
254,D5600 ボディ,62000,2416,,,5.0,1/4000〜30 秒,3.2,104.0,,False,True,True,バリアングル液晶,415.0,124.0,97.0,70.0,3,3,44,,970,Bluetooth 4.1,,,,True,,False,,,False,,,False,2016,11,3
255,EOS Kiss X9 ボディ,54870,2420,,5120,5.0,1/4000〜30 秒,3.0,104.0,290,False,True,True,バリアングル液晶,406.0,122.4,92.6,69.8,3,4,45,,840,Bluetooth 4.1,,,,True,,False,,,False,,,False,2017,7,3
256,D500 ボディ,142137,2088,,1640000,10.0,1/8000〜30 秒,3.2,236.0,,True,True,True,チルト式液晶,760.0,147.0,115.0,81.0,3,3,43,,1240,Bluetooth 4.1,,,,False,○,False,,,False,,,False,2016,4,3
257,EOS Kiss X9i ボディ,81000,2420,,5120,6.0,1/4000〜30 秒,3.0,104.0,270,False,True,True,バリアングル液晶,485.0,131.0,99.9,76.2,3,4,45,,600,Bluetooth 4.1,,,,False,,False,,,False,,,False,2017,4,3
258,D5300 ボディ,29800,2416,,25600,5.0,1/4000〜30 秒,3.2,104.0,,False,True,False,バリアングル液晶,480.0,125.0,98.0,76.0,3,3,44,,600,,,,,True,,True,,,False,,,False,2013,11,3
259,EOS 80D ボディ,79260,2420,,2560,7.0,1/8000〜30 秒,3.0,104.0,340,False,True,True,バリアングル液晶,650.0,139.0,105.2,78.5,3,4,43,,1390,,,,,False,○,False,,,False,,,False,2016,3,3
260,D750 ボディ,127760,2432,,51200,6.5,1/4000～30 秒,3.2,122.9,,False,True,False,チルト式液晶,750.0,140.5,113.0,78.0,2,3,43,,1230,,,,,False,○,False,,,False,,,False,2014,9,3
261,D7500 ボディ,91692,2088,,1640000,8.0,1/8000〜30 秒,3.2,92.2,,True,True,True,チルト式液晶,640.0,135.5,104.0,72.5,3,3,43,,950,Bluetooth 4.1,,,,False,○,False,,,False,,,False,2017,6,3
262,D810 ボディ,184039,3635,,51200,6.0,1/8000〜30 秒,3.2,122.9,,False,False,False,,880.0,146.0,123.0,81.5,2,3,43,,1200,,,,,False,○,False,,,False,,,False,2014,7,3
263,PENTAX KP ボディ,84999,2432,,,7.0,1/24000〜30 秒,3.0,92.1,,False,True,False,チルト式液晶,643.0,131.5,101.0,76.0,3,20,43,,420,,,,,False,○,False,,○,True,,,False,2017,2,3
264,D7200 ボディ,70973,2416,,102400,7.0,1/8000〜30 秒,3.2,122.9,,False,True,False,,675.0,135.5,106.5,76.0,3,3,43,,1110,,,,,False,○,False,,,False,,,False,2015,3,3
265,EOS 7D Mark II ボディ,107800,2020,,5120,10.0,1/8000〜30 秒,3.0,104.0,270,False,False,False,,820.0,148.6,112.4,78.2,3,4,43,,800,,,,,False,○,True,,,False,,,False,2014,10,3
266,D5 XQD-Type ボディ,479617,2082,,3280000,14.0,1/8000〜30 秒,3.2,236.0,,True,False,True,,1235.0,160.0,158.5,92.0,2,3,43,,3780,,,,,False,○,False,,,False,,,False,2016,3,3
267,EOS Kiss X8i ボディ,49800,2420,,2560,5.0,1/4000〜30 秒,3.0,104.0,200,False,True,True,バリアングル液晶,510.0,131.9,100.7,77.8,3,4,45,,550,,,,,False,,False,,,False,,,False,2015,4,3
268,D3400 ボディ,40600,2416,,,5.0,1/4000〜30 秒,3.0,92.0,,False,False,False,,395.0,124.0,98.0,75.5,3,3,44,,1200,Bluetooth 4.1,,,,False,,False,,,False,,,False,2016,9,3
269,EOS 6D ボディ,92638,2020,,10240,4.5,1/4000〜30 秒,3.0,104.0,220,False,True,False,,680.0,144.5,110.5,71.2,2,4,43,,1090,,,,,False,○,True,,,False,,,False,2012,11,3
270,EOS 9000D ボディ,78800,2420,,5120,6.0,1/4000〜30 秒,3.0,104.0,270,False,True,True,バリアングル液晶,493.0,131.0,99.9,76.2,3,4,45,,600,Bluetooth 4.1,,,,False,,False,,,False,,,False,2017,4,3
271,PENTAX K-70 ボディ,57000,2424,,,6.0,1/6000〜30 秒,3.0,92.1,,False,True,False,バリアングル液晶,628.0,125.5,93.0,74.0,3,20,43,,480,,,,,False,○,False,,○,False,,,False,2016,7,3
272,PENTAX K-1 Mark II ボディ,207000,3640,,,6.4,1/8000〜30 秒,3.2,103.7,,False,True,False,フレキシブルチルト式液晶,925.0,136.5,110.0,85.5,2,20,43,,670,,,,,False,○,True,,○,True,,,False,2018,4,3
273,Df ボディ,186999,1625,,204800,5.5,1/4000〜30 秒,3.2,92.0,,False,False,False,,710.0,143.5,110.0,66.5,2,3,43,,1400,,,,,False,○,False,,,False,,,False,2013,11,3
274,EOS-1D X Mark II ボディ,524800,2020,,40960,16.0,1/8000〜30 秒,3.2,162.0,260,True,False,True,,1340.0,158.0,167.6,82.6,2,4,43,,1210,,,,,False,○,True,,,False,,,False,2016,4,3
275,PENTAX K-S2 ボディ,33800,2012,,,5.5,1/6000〜30 秒,3.0,92.1,,False,True,False,バリアングル液晶,618.0,122.5,91.0,72.5,3,20,43,,480,,,,,True,○,False,,○,False,,,False,2015,3,3
276,D610 ボディ,93880,2426,,25600,6.0,1/4000〜30 秒,3.2,92.0,,False,False,False,,760.0,141.0,113.0,82.0,2,3,43,,900,,,,,False,○,False,,,False,,,False,2013,10,3
277,α99 II ILCA-99M2 ボディ,289680,4240,,10240,12.0,1/8000〜30 秒,3.0,122.8,490,True,True,False,3軸チルト液晶,770.0,142.6,104.2,76.1,2,1,27,,390,Bluetooth 4.1,,,,True,○,False,,○,True,,,False,2016,11,3
278,D810 24-120 VR レンズキット,269980,3635,,51200,6.0,1/8000〜30 秒,3.2,122.9,,False,False,False,,880.0,146.0,123.0,81.5,2,3,43,,1200,,,,,False,○,False,,,False,,,False,2015,2,3
279,D5 CF-Type ボディ,482800,2082,,3280000,14.0,1/8000〜30 秒,3.2,236.0,,True,False,True,,1240.0,160.0,158.5,92.0,2,3,43,,3780,,,,,False,○,False,,,False,,,False,2016,3,3
280,EOS 5Ds R ボディ,347477,5060,,1280,5.0,1/8000〜30 秒,3.2,104.0,220,False,False,False,,845.0,152.0,116.4,76.4,2,4,43,,700,,,,,False,○,False,,,False,,,False,2015,6,3
281,α77 II ILCA-77M2 ボディ,116639,2430,,5120,12.0,1/8000〜30 秒,3.0,122.8,480,False,True,False,3軸チルト液晶,647.0,142.6,104.2,80.9,3,1,27,,410,,,,,False,○,False,,○,False,,,False,2014,6,3
282,D3500 ボディ,53380,2416,,,5.0,1/4000〜30 秒,3.0,92.0,,False,False,False,,365.0,124.0,97.0,69.5,3,3,44,,1550,Bluetooth 4.1,,,,False,,False,,,False,,,False,2018,9,3
283,EOS Kiss X90 ボディ,46479,2410,,1280,3.0,1/4000〜30 秒,3.0,92.0,260,False,True,False,,427.0,129.0,101.3,77.6,3,4,45,,600,,,,,False,,False,,,False,,,False,2018,3,3
284,D7200 18-140 VR レンズキット,105000,2416,,102400,7.0,1/8000〜30 秒,3.2,122.9,,False,True,False,,675.0,135.5,106.5,76.0,3,3,43,,1110,,,,,False,○,False,,,False,,,False,2015,3,3
285,PENTAX K-1 ボディ,159800,3640,,,6.5,1/8000〜30 秒,3.2,103.7,,False,True,False,フレキシブルチルト式液晶,925.0,136.5,110.0,85.5,2,20,43,,760,,,,,False,○,True,,○,True,,,False,2016,4,3
286,EOS 5D Mark III ボディ,239999,2230,,10240,6.0,1/8000〜30 秒,3.2,104.0,200,False,False,False,,860.0,152.0,116.4,76.4,2,4,43,,950,,,,,False,○,False,,,False,,,False,2012,3,3
287,Df 50mm f/1.8G Special Editionキット,215398,1625,,204800,5.5,1/4000〜30 秒,3.2,92.0,,False,False,False,,710.0,143.5,110.0,66.5,2,3,43,,1400,,,,,False,○,False,,,False,,,False,2013,11,3
288,EOS-1D X ボディ,448999,1810,,20480,14.0,1/8000〜30 秒,3.2,104.0,290,False,False,False,,1340.0,158.0,163.6,82.7,2,4,43,,1120,,,,,False,○,False,,,False,,,False,2012,6,3
289,D810A ボディ,289980,3635,,51200,6.0,1/8000〜30 秒,3.2,122.9,,False,False,False,,880.0,146.0,123.0,81.5,2,3,43,,1200,,,,,False,,False,,,False,,,False,2015,5,3
290,D7200 18-300 VR スーパーズームキット,139800,2416,,102400,7.0,1/8000〜30 秒,3.2,122.9,,False,True,False,,675.0,135.5,106.5,76.0,3,3,43,,1110,,,,,False,○,False,,,False,,,False,2015,3,3
291,PENTAX 645Z ボディ,519800,5140,,,3.0,1/4000〜30 秒,3.2,103.7,,False,False,False,チルト式液晶,1470.0,156.0,117.0,123.0,1,20,46,,650,,,,,False,○,False,,,False,,,False,2014,6,3
292,D5500 ボディ,34980,2416,,,5.0,1/4000〜30 秒,3.2,104.0,,False,True,True,バリアングル液晶,420.0,124.0,97.0,70.0,3,3,44,,820,,,,,True,,False,,,False,,,False,2015,2,3
293,PENTAX K-3 II ボディ,54980,2435,,,8.3,1/8000〜30 秒,3.2,103.7,,False,False,False,,700.0,131.5,102.5,77.5,3,20,43,,720,,,,,False,○,True,,○,False,,,False,2015,5,3
294,EOS 8000D ボディ,76464,2420,,2560,5.0,1/4000〜30 秒,3.0,104.0,200,False,True,True,バリアングル液晶,520.0,131.9,100.9,77.8,3,4,45,,550,,,,,False,,False,,,False,,,False,2015,4,3
295,H6D-400C MS ボディ,6229440,,,,,1/2000〜 秒,3.0,92.0,,False,True,True,,,,,,1,21,2,,,,,,,False,,False,,,False,,,False,,,3
296,PENTAX K-3 ボディ,88172,2435,,,8.3,1/8000〜30 秒,3.2,103.7,,False,False,False,,715.0,131.5,100.0,77.5,3,20,43,,720,,,,,False,○,False,,○,False,,,False,2013,11,3
297,D7000 ボディ,58800,1620,,25600,6.0,1/8000〜30 秒,3.0,92.0,,False,False,False,,690.0,132.0,105.0,77.0,3,3,43,,1050,,,,,False,○,False,,,False,,,False,2010,10,3
298,EOS 70D ボディ,94824,2020,,2560,7.0,1/8000〜30 秒,3.0,104.0,230,False,True,True,バリアングル液晶,675.0,139.0,104.3,78.5,3,4,43,,1300,,,,,False,○,False,,,False,,,False,2013,8,3
299,EOS Kiss X7 ダブルレンズキット 2,85802,1800,,2560,4.0,1/4000〜30 秒,3.0,104.0,160,False,False,True,,373.0,116.8,90.7,69.4,3,4,45,,480,,,,,False,,False,,,False,,,False,2014,5,3
300,PENTAX K-1 Limited Silver,195000,3640,,,6.5,1/8000～30 秒,3.2,103.7,,False,True,False,フレキシブルチルト式液晶,925.0,136.5,110.0,85.5,2,20,43,,760,,,,,False,○,True,,○,True,,,False,2017,9,3
301,D810 24-85 VR レンズキット,234888,3635,,51200,6.0,1/8000〜30 秒,3.2,122.9,,False,False,False,,880.0,146.0,123.0,81.5,2,3,43,,1200,,,,,False,○,False,,,False,,,False,2014,7,3
302,EOS 5Ds ボディ,415000,5060,,1280,5.0,1/8000〜30 秒,3.2,104.0,220,False,False,False,,845.0,152.0,116.4,76.4,2,4,43,,700,,,,,False,○,False,,,False,,,False,2015,6,3
303,EOS Kiss X80 ボディ,29780,1800,,1280,3.0,1/4000〜30 秒,3.0,92.0,190,False,True,False,,440.0,129.0,101.3,77.6,3,4,45,,600,,,,,False,,False,,,False,,,False,2016,4,3
304,PENTAX K-50 18-135WRキット,53000,1628,,,6.0,1/6000〜30 秒,3.0,92.1,,False,False,False,,590.0,129.0,96.5,70.0,3,20,43,,1250,,,,,False,○,False,,○,False,,,False,2013,7,3
305,PENTAX K-5 II s ボディ,69800,1628,,5120,7.0,1/8000〜30 秒,3.0,92.1,,False,False,False,,680.0,131.0,97.0,72.5,3,20,43,,980,,,,,False,○,False,,○,False,,,False,2012,10,3
306,D4S ボディ,488000,1623,,409600,11.0,1/8000〜30 秒,3.2,92.0,,False,False,False,,1180.0,160.0,156.5,90.5,2,3,43,,3020,,,,,False,○,False,,,False,,,False,2014,3,3
307,D7100 ボディ,36980,2410,,25600,7.0,1/8000〜30 秒,3.2,122.9,,False,False,False,,675.0,135.5,106.5,76.0,3,3,43,,950,,,,,False,○,False,,,False,,,False,2013,3,3
308,EOS Kiss X7i ボディ,52980,1800,,2560,5.0,1/4000〜30 秒,3.0,104.0,200,False,False,True,バリアングル液晶,525.0,133.1,99.8,78.8,3,4,45,,550,,,,,False,,False,,,False,,,False,2013,4,3
309,EOS Kiss X70 ボディ,,1800,,1280,3.0,1/4000〜30 秒,3.0,46.0,190,False,False,False,,435.0,129.6,99.7,77.9,3,4,45,,600,,,,,False,,False,,,False,,,False,2014,3,3
310,H6D-100c ボディ,4501440,,,,,1/2000〜 秒,3.0,92.0,,True,True,True,,,,,,1,21,2,,,,,,,False,,False,,,False,,,False,,,3
311,PENTAX K-S1 ボディ,80000,2012,,,5.4,1/6000〜30 秒,3.0,92.1,,False,False,False,,498.0,120.0,92.5,69.5,3,20,43,,480,,,,,False,,False,,○,False,,,False,2014,9,3
312,D800E ボディ,213000,3630,,25600,5.0,1/8000〜30 秒,3.2,92.0,,False,False,False,,900.0,146.0,123.0,81.5,2,3,43,,900,,,,,False,○,False,,,False,,,False,2012,4,3
313,PENTAX K-30 ボディ,19880,1628,,2560,6.0,1/6000〜30 秒,3.0,92.1,,False,False,False,,590.0,128.5,96.5,71.5,3,20,43,,480,,,,,False,○,False,,○,False,,,False,2012,6,3
314,EOS Kiss X7 ダブルレンズキット,71500,1800,,2560,4.0,1/4000〜30 秒,3.0,104.0,160,False,False,True,,373.0,116.8,90.7,69.4,3,4,45,,480,,,,,False,,False,,,False,,,False,2013,11,3
315,Mamiya ZD ボディ,1382400,2150,,,1.2,1/4000〜30 秒,1.8,13.0,,False,False,False,,1200.0,161.5,152.0,90.8,1,22,43,,,,,,,False,,False,,,False,,,False,,,3
316,PENTAX K-5 II ボディ,27380,1628,,5120,7.0,1/8000〜30 秒,3.0,92.1,,False,False,False,,680.0,131.0,97.0,72.5,3,20,43,,980,,,,,False,○,False,,○,False,,,False,2012,10,3
317,SD1 ボディ,330000,4600,,,6.0,1/8000〜30 秒,3.0,46.0,,False,False,False,,700.0,145.5,113.5,80.0,3,13,43,,,,,,,False,○,False,,,False,,,False,2011,6,3
