,name
0,サイバーショット DSC-RX100M6
1,FUJIFILM XF10
2,COOLPIX P1000
3,サイバーショット DSC-RX100M3
4,PowerShot SX620 HS
5,PowerShot G7 X Mark II
6,OLYMPUS Tough TG-5
7,PowerShot SX720 HS
8,LUMIX DC-FZ85
9,サイバーショット DSC-RX100
10,COOLPIX A900
11,LUMIX DMC-TZ85
12,FUJIFILM X100F
13,LUMIX DMC-TX1
14,サイバーショット DSC-RX100M5A
15,サイバーショット DSC-RX10M4
16,PowerShot G9 X Mark II
17,PowerShot SX730 HS
18,サイバーショット DSC-WX500
19,PowerShot SX740 HS
20,COOLPIX W300
21,COOLPIX P900
22,COOLPIX B500
23,COOLPIX W100
24,COOLPIX A10
25,GR II
26,サイバーショット DSC-WX350
27,COOLPIX A100
28,サイバーショット DSC-RX0
29,LUMIX DC-TZ90
30,サイバーショット DSC-HX90V
31,LUMIX DMC-FZ300
32,RICOH WG-50
33,IXY 650
34,LUMIX DC-TX2
35,FinePix XP130
36,IXY 200
37,サイバーショット DSC-RX100M4
38,HIGH SPEED EXILIM EX-ZR70
39,IXY 210
40,LEICA C-LUX
41,PowerShot SX60 HS
42,サイバーショット DSC-W830
43,RICOH THETA SC
44,HIGH SPEED EXILIM EX-ZR1700
45,LUMIX DMC-LX9
46,PowerShot SX530 HS
47,PowerShot G1 X Mark III
48,FinePix XP120
49,PowerShot SX420 IS
50,HIGH SPEED EXILIM EX-ZR3100
51,サイバーショット DSC-RX10M3
52,サイバーショット DSC-RX1RM2
53,PowerShot SX430 IS
54,EXILIM EX-ZS260
55,PowerShot G5 X
56,HIGH SPEED EXILIM EX-ZR1800
57,TG-5 工一郎
58,サイバーショット DSC-RX100M5
59,LUMIX DC-LX100M2
60,サイバーショット DSC-HX400V
61,サイバーショット DSC-HX60V
62,RICOH G800
63,IXY 180
64,PowerShot G3 X
65,LUMIX DMC-FZH1
66,LEICA Q Typ 116
67,RICOH THETA V
68,PowerShot G1 X Mark II
69,サイバーショット DSC-RX100M2
70,RICOH WG-40W
71,COOLPIX S6900
72,EXILIM EX-FR100L
73,EXILIM EX-ZS29
74,COOLPIX B700
75,EXILIM EX-FR200
76,EXILIM EX-FR100
77,HIGH SPEED EXILIM EX-ZR3200
78,EXILIM EX-ZS240
79,D-LUX Typ 109
80,RICOH THETA S
81,DSC-Pieni
82,COOLPIX A300
83,HIGH SPEED EXILIM EX-ZR4100
84,G'z EYE GZE-1
85,LUMIX DC-FT7
86,EXILIM EX-FR10
87,サイバーショット DSC-RX1R
88,DSC PRO14
89,IXY 190
90,COOLPIX AW130
91,RICOH THETA m15
92,SIGMA dp0 Quattro
93,サイバーショット DSC-RX10M2
94,IXY 160
95,OLYMPUS STYLUS SH-3
96,SIGMA dp3 Quattro
97,DSC1480DW
98,FUJIFILM X100T
99,サイバーショット DSC-RX1
100,GR II Premium Kit
101,OMNI shot OCAM-VRW01BK
102,COOLPIX L840
103,HIGH SPEED EXILIM EX-100F
104,SIGMA dp2 Quattro
105,SIGMA dp1 Quattro
106,サイバーショット DSC-RX10
107,サイバーショット DSC-W810
108,FinePix S8600
109,HIGH SPEED EXILIM EX-SA10 GSET
110,PIXPRO WP1
111,PowerShot SX710 HS
112,JOY500C3
113,PIXPRO FZ152
114,RICOH GR
115,V-LUX Typ 114
116,COOLPIX S2900
117,HIGH SPEED EXILIM EX-ZR1000
118,OLYMPUS STYLUS SH-2
119,PowerShot G3 X EVF KIT
120,PowerShot G9 X
121,COOLPIX S9400
122,EXILIM EX-ZS28
123,Gear 360(2017) SM-R210NZWAXJP
124,GH-TCAM30PG
125,HIGH SPEED EXILIM EX-ZR1100
126,HIGH SPEED EXILIM EX-ZR1750
127,PowerShot SX610 HS
128,t1235
129,サイバーショット DSC-QX10
130,サイバーショット DSC-QX100
131,BCC100
132,DSC Pieni Cheese
133,EXILIM EX-FR200CA
134,i.mega HDC-1471
135,PowerShot SX210 IS
136,SIGMA dp0 Quattro LCD
137,SIGMA dp1 Quattro
138,SIGMA dp3 Quattro
139,TLC120
140,EOS Kiss M
141,α7 III ILCE-7M3
142,α6000 ILCE-6000
143,LUMIX DC-G9
144,Z 7
145,LUMIX DC-GF9W
146,EOS R
147,α7R III ILCE-7RM3
148,α7 II ILCE-7M2
149,OM-D E-M10 Mark II
150,FUJIFILM X-T3
151,LUMIX DMC-G8
152,OM-D E-M10 Mark III
153,LUMIX DMC-GX7MK2
154,FUJIFILM X-T100
155,α6500 ILCE-6500
156,FUJIFILM X-H1
157,Z 7 24-70+FTZ
158,FUJIFILM X-T20
159,FUJIFILM X-Pro2
160,α6300 ILCE-6300
161,OLYMPUS PEN E-PL9
162,OLYMPUS PEN E-PL8
163,FUJIFILM X-T2
164,α7R II ILCE-7RM2
165,EOS M100
166,α9 ILCE-9
167,OLYMPUS OM-D E-M5 Mark II
168,OM-D E-M1 Mark II 12-40mm F2.8
169,LUMIX DMC-GX7MK2-K [ブラック]
170,LUMIX DC-GX7MK3
171,α5100 ILCE-5100
172,FUJIFILM X-T2
173,FUJIFILM X-A5
174,OM-D E-M1 Mark II
175,FUJIFILM X-E3
176,Z 6
177,LUMIX DC-GH5
178,LUMIX DC-GF10W
179,EOS M6
180,Z 6 24-70+FTZ
181,Z 7 24-70
182,Z 7 FTZ
183,OLYMPUS PEN-F
184,LUMIX DC-GH5S
185,EOS M5
186,LUMIX DMC-GX8
187,Nikon 1 J5
188,α7S II ILCE-7SM2
189,FUJIFILM X-T2 Graphite Silver Edition
190,FUJIFILM X-A3
191,α7R ILCE-7R
192,Z 6 24-70
193,EOS M10
194,Z 6 FTZ
195,FUJIFILM GFX 50S
196,α7S ILCE-7S
197,Nikon 1 J5
198,OLYMPUS OM-D E-M10
199,Nikon 1 J5
200,EOS M6
201,α7 ILCE-7
202,FUJIFILM X-T1 Graphite Silver Edition
203,LUMIX DC-GF90W
204,FUJIFILM X-E2
205,FUJIFILM X-A1
206,FUJIFILM X-E1
207,EOS M3 EF-M18-55 IS STM
208,ライカSL Typ 601
209,EOS M6 EF-M18-150 IS STM
210,ライカCL
211,EOS M6 EF-M15-45 IS STM
212,OLYMPUS PEN Lite E-PL7
213,SIGMA sd Quattro H
214,SIGMA sd Quattro
215,EOS M3
216,FUJIFILM X-Pro1
217,LUMIX DMC-GF7W
218,PENTAX Q10
219,EOS M
220,EOS M3 EF-M15-45 IS STM
221,EOS M3
222,EOS M6
223,FUJIFILM X-A2
224,FUJIFILM X-T1
225,FUJIFILM X-T10
226,X1D エクスペリエンス・パッケージ [Silver]
227,X1D-50c
228,FUJIFILM X-M1
229,Nikon 1 AW1
230,OLYMPUS OM-D E-M1 [ブラック]
231,OLYMPUS OM-D E-M5 Mark II [ブラック]
232,ライカTL2
233,OLYMPUS PEN E-P5
234,PENTAX Q7 [ブラック]
235,EOS M3
236,EOS M3
237,FUJIFILM X-T1 F X-T1B/1855KIT
238,LUMIX DMC-GF6
239,OLYMPUS OM-D E-M5
240,α NEX-6
241,ライカT
242,EOS M3
243,EOS M6 EF-M18-150 IS STM
244,LUMIX DMC-GH4
245,α NEX-3NY
246,LUMIX DMC-GM1SK
247,OLYMPUS PEN E-P3
248,OLYMPUS PEN E-P5 14-42mm
249,OLYMPUS PEN Lite E-PL6 EZ
250,ライカTL
251,EOS 5D Mark IV
252,D850
253,EOS 6D Mark II
254,D5600
255,EOS Kiss X9
256,D500
257,EOS Kiss X9i
258,D5300
259,EOS 80D
260,D750
261,D7500
262,D810
263,PENTAX KP
264,D7200
265,EOS 7D Mark II
266,D5 XQD-Type
267,EOS Kiss X8i
268,D3400
269,EOS 6D
270,EOS 9000D
271,PENTAX K-70
272,PENTAX K-1 Mark II
273,Df
274,EOS-1D X Mark II
275,PENTAX K-S2
276,D610
277,α99 II ILCA-99M2
278,D810 24-120 VR
279,D5 CF-Type
280,EOS 5Ds R
281,α77 II ILCA-77M2
282,D3500
283,EOS Kiss X90
284,D7200 18-140 VR
285,PENTAX K-1
286,EOS 5D Mark III
287,Df 50mm f/1.8G Special
288,EOS-1D X
289,D810A
290,D7200 18-300 VR
291,PENTAX 645Z
292,D5500
293,PENTAX K-3 II
294,EOS 8000D
295,H6D-400C MS
296,PENTAX K-3
297,D7000
298,EOS 70D
299,EOS Kiss X7 2
300,PENTAX K-1 Limited Silver
301,D810 24-85 VR
302,EOS 5Ds
303,EOS Kiss X80
304,PENTAX K-50
305,PENTAX K-5 II s
306,D4S
307,D7100
308,EOS Kiss X7i
309,EOS Kiss X70
310,H6D-100c
311,PENTAX K-S1
312,D800E
313,PENTAX K-30
314,EOS Kiss X7
315,Mamiya ZD
316,PENTAX K-5 II
317,SD1
